CREATE DATABASE  IF NOT EXISTS `web` /*!40100 DEFAULT CHARACTER SET utf8mb4 COLLATE utf8mb4_general_ci */ /*!80016 DEFAULT ENCRYPTION='N' */;
USE `web`;
-- MySQL dump 10.13  Distrib 8.0.32, for Linux (x86_64)
--
-- Host: 127.0.0.1    Database: web
-- ------------------------------------------------------
-- Server version	8.0.32-0ubuntu0.22.04.2

/*!40101 SET @OLD_CHARACTER_SET_CLIENT=@@CHARACTER_SET_CLIENT */;
/*!40101 SET @OLD_CHARACTER_SET_RESULTS=@@CHARACTER_SET_RESULTS */;
/*!40101 SET @OLD_COLLATION_CONNECTION=@@COLLATION_CONNECTION */;
/*!50503 SET NAMES utf8 */;
/*!40103 SET @OLD_TIME_ZONE=@@TIME_ZONE */;
/*!40103 SET TIME_ZONE='+00:00' */;
/*!40014 SET @OLD_UNIQUE_CHECKS=@@UNIQUE_CHECKS, UNIQUE_CHECKS=0 */;
/*!40014 SET @OLD_FOREIGN_KEY_CHECKS=@@FOREIGN_KEY_CHECKS, FOREIGN_KEY_CHECKS=0 */;
/*!40101 SET @OLD_SQL_MODE=@@SQL_MODE, SQL_MODE='NO_AUTO_VALUE_ON_ZERO' */;
/*!40111 SET @OLD_SQL_NOTES=@@SQL_NOTES, SQL_NOTES=0 */;

--
-- Table structure for table `activity`
--

DROP TABLE IF EXISTS `activity`;
/*!40101 SET @saved_cs_client     = @@character_set_client */;
/*!50503 SET character_set_client = utf8mb4 */;
CREATE TABLE `activity` (
  `id_activity` int NOT NULL AUTO_INCREMENT,
  `name` varchar(50) CHARACTER SET utf8mb4 COLLATE utf8mb4_general_ci DEFAULT NULL,
  PRIMARY KEY (`id_activity`)
) ENGINE=InnoDB AUTO_INCREMENT=16 DEFAULT CHARSET=utf8mb4 COLLATE=utf8mb4_general_ci;
/*!40101 SET character_set_client = @saved_cs_client */;

--
-- Dumping data for table `activity`
--

LOCK TABLES `activity` WRITE;
/*!40000 ALTER TABLE `activity` DISABLE KEYS */;
INSERT INTO `activity` VALUES (1,'Python'),(2,'PHP'),(3,'HTML/CSS'),(4,'Javascript'),(5,'Réseau'),(6,'Cybersécurité'),(7,'C++'),(8,'C#'),(9,'C#'),(10,'C#'),(11,'C#'),(12,'C#'),(13,'C#'),(14,'C#'),(15,'C Arduino');
/*!40000 ALTER TABLE `activity` ENABLE KEYS */;
UNLOCK TABLES;

--
-- Table structure for table `address`
--

DROP TABLE IF EXISTS `address`;
/*!40101 SET @saved_cs_client     = @@character_set_client */;
/*!50503 SET character_set_client = utf8mb4 */;
CREATE TABLE `address` (
  `id_address` int NOT NULL AUTO_INCREMENT,
  `name` varchar(200) CHARACTER SET utf8mb4 COLLATE utf8mb4_general_ci DEFAULT NULL,
  `number` varchar(20) CHARACTER SET utf8mb4 COLLATE utf8mb4_general_ci DEFAULT NULL,
  `comment` varchar(300) CHARACTER SET utf8mb4 COLLATE utf8mb4_general_ci DEFAULT NULL,
  `id_city` int DEFAULT NULL,
  PRIMARY KEY (`id_address`),
  KEY `id_city` (`id_city`),
  CONSTRAINT `address_ibfk_1` FOREIGN KEY (`id_city`) REFERENCES `city` (`id_city`) ON DELETE CASCADE
) ENGINE=InnoDB AUTO_INCREMENT=15 DEFAULT CHARSET=utf8mb4 COLLATE=utf8mb4_general_ci;
/*!40101 SET character_set_client = @saved_cs_client */;

--
-- Dumping data for table `address`
--

LOCK TABLES `address` WRITE;
/*!40000 ALTER TABLE `address` DISABLE KEYS */;
INSERT INTO `address` VALUES (1,'Avenue de l\'opéra','38',NULL,1),(2,'rue de Londres','8',NULL,1),(3,'quai du Président Roosevelt','37',NULL,2),(4,'place d\'Iéna','7',NULL,1),(5,'rue Ménars','6',NULL,1),(6,'rue de la Paix','10',NULL,1),(7,'Avenue Edmund Halley Rouen Madrillet Innovation','80',NULL,3),(8,'Boulevard Louis XIV','8',NULL,4),(9,'Boulevard Louis XIV','8',NULL,4),(10,'Boulevard Louis XIV','8',NULL,4),(11,'Boulevard Louis XIV','8',NULL,4),(12,'Boulevard Louis XIV','8',NULL,4),(13,'Boulevard Louis XIV','8',NULL,4),(14,'Boulevard de la Seine','93',NULL,5);
/*!40000 ALTER TABLE `address` ENABLE KEYS */;
UNLOCK TABLES;

--
-- Table structure for table `affiliated`
--

DROP TABLE IF EXISTS `affiliated`;
/*!40101 SET @saved_cs_client     = @@character_set_client */;
/*!50503 SET character_set_client = utf8mb4 */;
CREATE TABLE `affiliated` (
  `id_profile` int NOT NULL,
  `id_prom` int NOT NULL,
  PRIMARY KEY (`id_profile`,`id_prom`),
  KEY `id_prom` (`id_prom`),
  CONSTRAINT `affiliated_ibfk_1` FOREIGN KEY (`id_profile`) REFERENCES `profile` (`id_profile`) ON DELETE CASCADE,
  CONSTRAINT `affiliated_ibfk_2` FOREIGN KEY (`id_prom`) REFERENCES `prom` (`id_prom`) ON DELETE CASCADE
) ENGINE=InnoDB DEFAULT CHARSET=utf8mb4 COLLATE=utf8mb4_general_ci;
/*!40101 SET character_set_client = @saved_cs_client */;

--
-- Dumping data for table `affiliated`
--

LOCK TABLES `affiliated` WRITE;
/*!40000 ALTER TABLE `affiliated` DISABLE KEYS */;
INSERT INTO `affiliated` VALUES (1,1),(2,1),(3,1),(4,1),(14,1),(4,2),(5,2),(6,2),(7,2),(8,2),(9,2),(10,2),(11,2),(12,2),(13,2),(17,2),(15,3),(16,3);
/*!40000 ALTER TABLE `affiliated` ENABLE KEYS */;
UNLOCK TABLES;

--
-- Table structure for table `campus`
--

DROP TABLE IF EXISTS `campus`;
/*!40101 SET @saved_cs_client     = @@character_set_client */;
/*!50503 SET character_set_client = utf8mb4 */;
CREATE TABLE `campus` (
  `id_campus` int NOT NULL AUTO_INCREMENT,
  `name` varchar(50) CHARACTER SET utf8mb4 COLLATE utf8mb4_general_ci DEFAULT NULL,
  `id_address` int DEFAULT NULL,
  PRIMARY KEY (`id_campus`),
  KEY `id_address` (`id_address`),
  CONSTRAINT `campus_ibfk_1` FOREIGN KEY (`id_address`) REFERENCES `address` (`id_address`) ON DELETE SET NULL
) ENGINE=InnoDB AUTO_INCREMENT=13 DEFAULT CHARSET=utf8mb4 COLLATE=utf8mb4_general_ci;
/*!40101 SET character_set_client = @saved_cs_client */;

--
-- Dumping data for table `campus`
--

LOCK TABLES `campus` WRITE;
/*!40000 ALTER TABLE `campus` DISABLE KEYS */;
INSERT INTO `campus` VALUES (1,'Rouen',3),(2,'Lille',4),(3,'Nanterre',5),(4,'Lille',4),(5,'Lille',4),(6,'Lille',4),(7,'Lille',4),(8,'Lille',4),(9,'Lille',4),(10,'Lille',4),(11,'Lille',4),(12,'Lille',4);
/*!40000 ALTER TABLE `campus` ENABLE KEYS */;
UNLOCK TABLES;

--
-- Table structure for table `candidature`
--

DROP TABLE IF EXISTS `candidature`;
/*!40101 SET @saved_cs_client     = @@character_set_client */;
/*!50503 SET character_set_client = utf8mb4 */;
CREATE TABLE `candidature` (
  `id_candidature` int NOT NULL AUTO_INCREMENT,
  `send_date` date DEFAULT NULL,
  `id_progress_state` int DEFAULT NULL,
  `id_profile` int NOT NULL,
  `id_offer` int DEFAULT NULL,
  PRIMARY KEY (`id_candidature`),
  KEY `id_progress_state` (`id_progress_state`),
  KEY `id_profile` (`id_profile`),
  KEY `id_offer` (`id_offer`),
  CONSTRAINT `candidature_ibfk_1` FOREIGN KEY (`id_progress_state`) REFERENCES `postulate_progress_steps` (`id_progress_state`) ON DELETE SET NULL,
  CONSTRAINT `candidature_ibfk_2` FOREIGN KEY (`id_profile`) REFERENCES `profile` (`id_profile`) ON DELETE CASCADE,
  CONSTRAINT `candidature_ibfk_3` FOREIGN KEY (`id_offer`) REFERENCES `offer` (`id_offer`) ON DELETE CASCADE
) ENGINE=InnoDB AUTO_INCREMENT=15 DEFAULT CHARSET=utf8mb4 COLLATE=utf8mb4_general_ci;
/*!40101 SET character_set_client = @saved_cs_client */;

--
-- Dumping data for table `candidature`
--

LOCK TABLES `candidature` WRITE;
/*!40000 ALTER TABLE `candidature` DISABLE KEYS */;
INSERT INTO `candidature` VALUES (1,'2022-02-20',1,1,1),(2,'2022-02-22',1,2,1),(3,'2022-02-25',2,3,1),(4,'2022-03-01',1,4,1),(5,'2022-03-03',2,5,1),(6,'2022-03-06',1,6,1),(7,'2022-03-10',3,7,1),(8,'2022-03-12',1,8,1),(9,'2022-03-14',2,9,1),(10,'2022-02-23',1,2,2),(11,'2022-02-28',2,3,2),(12,'2022-03-06',1,4,2),(13,'2022-03-08',1,5,2),(14,'2022-03-12',2,6,2);
/*!40000 ALTER TABLE `candidature` ENABLE KEYS */;
UNLOCK TABLES;

--
-- Table structure for table `city`
--

DROP TABLE IF EXISTS `city`;
/*!40101 SET @saved_cs_client     = @@character_set_client */;
/*!50503 SET character_set_client = utf8mb4 */;
CREATE TABLE `city` (
  `id_city` int NOT NULL AUTO_INCREMENT,
  `name` varchar(50) CHARACTER SET utf8mb4 COLLATE utf8mb4_general_ci DEFAULT NULL,
  `zipcode` varchar(20) CHARACTER SET utf8mb4 COLLATE utf8mb4_general_ci DEFAULT NULL,
  PRIMARY KEY (`id_city`)
) ENGINE=InnoDB AUTO_INCREMENT=13 DEFAULT CHARSET=utf8mb4 COLLATE=utf8mb4_general_ci;
/*!40101 SET character_set_client = @saved_cs_client */;

--
-- Dumping data for table `city`
--

LOCK TABLES `city` WRITE;
/*!40000 ALTER TABLE `city` DISABLE KEYS */;
INSERT INTO `city` VALUES (1,'Paris','75001'),(2,'Issy-les-Moulineaux','92130'),(3,'Saint-Étienne-du-Rouvray','76800'),(4,'Lille','59000'),(5,'Nanterre','92000'),(6,'Lille','59000'),(7,'Lille','59000'),(8,'Lille','59000'),(9,'Lille','59000'),(10,'Lille','59000'),(11,'Lille','59000'),(12,'Lille','59000');
/*!40000 ALTER TABLE `city` ENABLE KEYS */;
UNLOCK TABLES;

--
-- Table structure for table `company`
--

DROP TABLE IF EXISTS `company`;
/*!40101 SET @saved_cs_client     = @@character_set_client */;
/*!50503 SET character_set_client = utf8mb4 */;
CREATE TABLE `company` (
  `id_company` int NOT NULL AUTO_INCREMENT,
  `name` varchar(50) CHARACTER SET utf8mb4 COLLATE utf8mb4_general_ci DEFAULT NULL,
  `active` tinyint(1) DEFAULT NULL,
  `link` varchar(500) CHARACTER SET utf8mb4 COLLATE utf8mb4_general_ci DEFAULT NULL,
  PRIMARY KEY (`id_company`)
) ENGINE=InnoDB AUTO_INCREMENT=15 DEFAULT CHARSET=utf8mb4 COLLATE=utf8mb4_general_ci;
/*!40101 SET character_set_client = @saved_cs_client */;

--
-- Dumping data for table `company`
--

LOCK TABLES `company` WRITE;
/*!40000 ALTER TABLE `company` DISABLE KEYS */;
INSERT INTO `company` VALUES (1,'Youtube',1,'https://www.youtube.com/'),(2,'Google',1,'https://www.google.com/'),(3,'Microsoft',1,'https://www.microsoft.com/'),(4,'Apple',1,'https://www.apple.com/'),(5,'Facebook',1,'https://www.facebook.com/'),(6,'Twitter',0,'https://www.twitter.com/'),(7,'Instagram',0,'https://www.instagram.com/'),(8,'Twitter',0,'https://www.twitter.com/'),(9,'Twitter',0,'https://www.twitter.com/'),(10,'Twitter',0,'https://www.twitter.com/'),(11,'Twitter',0,'https://www.twitter.com/'),(12,'Twitter',0,'https://www.twitter.com/'),(13,'Twitter',0,'https://www.twitter.com/'),(14,'Twitter',0,'https://www.twitter.com/');
/*!40000 ALTER TABLE `company` ENABLE KEYS */;
UNLOCK TABLES;

--
-- Table structure for table `localities`
--

DROP TABLE IF EXISTS `localities`;
/*!40101 SET @saved_cs_client     = @@character_set_client */;
/*!50503 SET character_set_client = utf8mb4 */;
CREATE TABLE `localities` (
  `id_localities` int NOT NULL AUTO_INCREMENT,
  `id_address` int NOT NULL,
  `id_company` int NOT NULL,
  PRIMARY KEY (`id_localities`),
  KEY `id_address` (`id_address`),
  KEY `id_company` (`id_company`),
  CONSTRAINT `localities_ibfk_1` FOREIGN KEY (`id_address`) REFERENCES `address` (`id_address`) ON DELETE CASCADE,
  CONSTRAINT `localities_ibfk_2` FOREIGN KEY (`id_company`) REFERENCES `company` (`id_company`) ON DELETE CASCADE
) ENGINE=InnoDB AUTO_INCREMENT=15 DEFAULT CHARSET=utf8mb4 COLLATE=utf8mb4_general_ci;
/*!40101 SET character_set_client = @saved_cs_client */;

--
-- Dumping data for table `localities`
--

LOCK TABLES `localities` WRITE;
/*!40000 ALTER TABLE `localities` DISABLE KEYS */;
INSERT INTO `localities` VALUES (1,1,1),(2,2,2),(3,3,3),(4,4,4),(5,5,5),(6,6,6),(7,5,7),(8,6,6),(9,6,6),(10,6,6),(11,6,6),(12,6,6),(13,6,6),(14,6,6);
/*!40000 ALTER TABLE `localities` ENABLE KEYS */;
UNLOCK TABLES;

--
-- Table structure for table `offer`
--

DROP TABLE IF EXISTS `offer`;
/*!40101 SET @saved_cs_client     = @@character_set_client */;
/*!50503 SET character_set_client = utf8mb4 */;
CREATE TABLE `offer` (
  `id_offer` int NOT NULL AUTO_INCREMENT,
  `name` varchar(50) CHARACTER SET utf8mb4 COLLATE utf8mb4_general_ci DEFAULT NULL,
  `active` tinyint(1) DEFAULT NULL,
  `startdate` date DEFAULT NULL,
  `period` varchar(50) CHARACTER SET utf8mb4 COLLATE utf8mb4_general_ci DEFAULT NULL,
  `amount` varchar(50) CHARACTER SET utf8mb4 COLLATE utf8mb4_general_ci DEFAULT NULL,
  `wage` varchar(50) CHARACTER SET utf8mb4 COLLATE utf8mb4_general_ci DEFAULT NULL,
  `comment` varchar(500) CHARACTER SET utf8mb4 COLLATE utf8mb4_general_ci DEFAULT NULL,
  `contact_mail` varchar(100) CHARACTER SET utf8mb4 COLLATE utf8mb4_general_ci DEFAULT NULL,
  `telephone` varchar(15) CHARACTER SET utf8mb4 COLLATE utf8mb4_general_ci DEFAULT NULL,
  `link` varchar(1024) CHARACTER SET utf8mb4 COLLATE utf8mb4_general_ci DEFAULT NULL,
  `id_localities` int DEFAULT NULL,
  `id_activity` int DEFAULT NULL,
  PRIMARY KEY (`id_offer`),
  KEY `id_localities` (`id_localities`),
  KEY `id_activity` (`id_activity`),
  CONSTRAINT `offer_ibfk_1` FOREIGN KEY (`id_localities`) REFERENCES `localities` (`id_localities`) ON DELETE SET NULL,
  CONSTRAINT `offer_ibfk_2` FOREIGN KEY (`id_activity`) REFERENCES `activity` (`id_activity`) ON DELETE SET NULL
) ENGINE=InnoDB AUTO_INCREMENT=13 DEFAULT CHARSET=utf8mb4 COLLATE=utf8mb4_general_ci;
/*!40101 SET character_set_client = @saved_cs_client */;

--
-- Dumping data for table `offer`
--

LOCK TABLES `offer` WRITE;
/*!40000 ALTER TABLE `offer` DISABLE KEYS */;
INSERT INTO `offer` VALUES (1,'Développeur Web',1,'2022-05-01','6 mois','4000 €','35 €/h','CDI après la période d\'essai','contact@entreprise.com','0102030405','https://discord.com/channels/1021334122209235036/1072440528026738688/1088414479504654378',1,1),(2,'Assistant RH',1,'2022-04-15','3 mois','2200 €',NULL,NULL,'rh@entreprise.com','0607080910','https://discord.com/channels/1021334122209235036/1072440528026738688/1088414479504654378',2,2),(3,'Chargé de communication',0,'2022-06-01','6 mois','3800 €','30 €/h','CDD pour remplacement maladie','communication@entreprise.com','0504030201','https://discord.com/channels/1021334122209235036/1072440528026738688/1088414479504654378',3,3),(4,'Chef de projet',1,'2022-03-15','12 mois','5000 €','40 €/h',NULL,'projet@entreprise.com','0102030405','https://discord.com/channels/1021334122209235036/1072440528026738688/1088414479504654378',4,4),(5,'Architecte logiciel',1,'2022-05-01','18 mois','6000 €','50 €/h','Mission chez un client important','contact@entreprise.com','0607080910','https://discord.com/channels/1021334122209235036/1072440528026738688/1088414479504654378',1,1),(6,'Chef de projet',1,'2022-03-15','12 mois','5000 €','40 €/h',NULL,'projet@entreprise.com','0102030405','https://discord.com/channels/1021334122209235036/1072440528026738688/1088414479504654378',4,4),(7,'Chef de projet',1,'2022-03-15','12 mois','5000 €','40 €/h',NULL,'projet@entreprise.com','0102030405','https://discord.com/channels/1021334122209235036/1072440528026738688/1088414479504654378',4,4),(8,'Chef de projet',1,'2022-03-15','12 mois','5000 €','40 €/h',NULL,'projet@entreprise.com','0102030405','https://discord.com/channels/1021334122209235036/1072440528026738688/1088414479504654378',4,4),(9,'Chef de projet',1,'2022-03-15','12 mois','5000 €','40 €/h',NULL,'projet@entreprise.com','0102030405','https://discord.com/channels/1021334122209235036/1072440528026738688/1088414479504654378',4,4),(10,'Chef de projet',1,'2022-03-15','12 mois','5000 €','40 €/h',NULL,'projet@entreprise.com','0102030405','https://discord.com/channels/1021334122209235036/1072440528026738688/1088414479504654378',4,4),(11,'Chef de projet',1,'2022-03-15','12 mois','5000 €','40 €/h',NULL,'projet@entreprise.com','0102030405','https://discord.com/channels/1021334122209235036/1072440528026738688/1088414479504654378',4,4),(12,'Chef de projet',1,'2022-03-15','12 mois','5000 €','40 €/h',NULL,'projet@entreprise.com','0102030405','https://discord.com/channels/1021334122209235036/1072440528026738688/1088414479504654378',4,4);
/*!40000 ALTER TABLE `offer` ENABLE KEYS */;
UNLOCK TABLES;

--
-- Table structure for table `person`
--

DROP TABLE IF EXISTS `person`;
/*!40101 SET @saved_cs_client     = @@character_set_client */;
/*!50503 SET character_set_client = utf8mb4 */;
CREATE TABLE `person` (
  `id_person` int NOT NULL AUTO_INCREMENT,
  `email` varchar(255) CHARACTER SET utf8mb4 COLLATE utf8mb4_general_ci DEFAULT NULL,
  `password` varchar(255) CHARACTER SET utf8mb4 COLLATE utf8mb4_general_ci DEFAULT NULL,
  `id_profile` int NOT NULL,
  PRIMARY KEY (`id_person`),
  KEY `id_profile` (`id_profile`),
  CONSTRAINT `person_ibfk_1` FOREIGN KEY (`id_profile`) REFERENCES `profile` (`id_profile`) ON DELETE CASCADE
) ENGINE=InnoDB AUTO_INCREMENT=18 DEFAULT CHARSET=utf8mb4 COLLATE=utf8mb4_general_ci;
/*!40101 SET character_set_client = @saved_cs_client */;

--
-- Dumping data for table `person`
--

LOCK TABLES `person` WRITE;
/*!40000 ALTER TABLE `person` DISABLE KEYS */;
INSERT INTO `person` VALUES (1,'timothee.thienpont@viacesi.fr','timi123',1),(2,'bob.martin@example.com','bob123',2),(3,'camille.lefebvre@example.com','camille123',3),(4,'david.garcia@example.com','david123',4),(5,'anniss.sejean@example.com','anniss123',5),(6,'david.garcia@example.com','david123',6),(7,'david.garcia@example.com','david123',7),(8,'david.garcia@example.com','david123',8),(9,'david.garcia@example.com','david123',9),(10,'david.garcia@example.com','david123',10),(11,'david.garcia@example.com','david123',11),(12,'david.garcia@example.com','david123',12),(13,'emilie.dujardin@example.com','emilie123',13),(14,'dupondlebg@example.net','71f19a8c4cdc1ee3d995ed8579bbb0793f0c6ce1',14),(15,'timo.thi@laposte.net','da39a3ee5e6b4b0d3255bfef95601890afd80709',15),(16,'timo.thi@laposte.net','781ccdd2e1bc72b646046df9105c23ce7f72cb07',16),(17,'timo.thi@laposte.net','781ccdd2e1bc72b646046df9105c23ce7f72cb07',17);
/*!40000 ALTER TABLE `person` ENABLE KEYS */;
UNLOCK TABLES;

--
-- Table structure for table `postulate_progress_steps`
--

DROP TABLE IF EXISTS `postulate_progress_steps`;
/*!40101 SET @saved_cs_client     = @@character_set_client */;
/*!50503 SET character_set_client = utf8mb4 */;
CREATE TABLE `postulate_progress_steps` (
  `id_progress_state` int NOT NULL AUTO_INCREMENT,
  `name` varchar(50) CHARACTER SET utf8mb4 COLLATE utf8mb4_general_ci DEFAULT NULL,
  PRIMARY KEY (`id_progress_state`),
  UNIQUE KEY `name` (`name`)
) ENGINE=InnoDB AUTO_INCREMENT=8 DEFAULT CHARSET=utf8mb4 COLLATE=utf8mb4_general_ci;
/*!40101 SET character_set_client = @saved_cs_client */;

--
-- Dumping data for table `postulate_progress_steps`
--

LOCK TABLES `postulate_progress_steps` WRITE;
/*!40000 ALTER TABLE `postulate_progress_steps` DISABLE KEYS */;
INSERT INTO `postulate_progress_steps` VALUES (6,'Acceptée'),(1,'CV reçu'),(4,'Entretien en personne'),(3,'Entretien téléphonique'),(5,'Offre faite'),(2,'Présélection'),(7,'Refusée');
/*!40000 ALTER TABLE `postulate_progress_steps` ENABLE KEYS */;
UNLOCK TABLES;

--
-- Table structure for table `profile`
--

DROP TABLE IF EXISTS `profile`;
/*!40101 SET @saved_cs_client     = @@character_set_client */;
/*!50503 SET character_set_client = utf8mb4 */;
CREATE TABLE `profile` (
  `id_profile` int NOT NULL AUTO_INCREMENT,
  `fname` varchar(50) CHARACTER SET utf8mb4 COLLATE utf8mb4_general_ci DEFAULT NULL,
  `lname` varchar(50) CHARACTER SET utf8mb4 COLLATE utf8mb4_general_ci DEFAULT NULL,
  `id_roles` int DEFAULT NULL,
  `photo` varchar(255) CHARACTER SET utf8mb4 COLLATE utf8mb4_general_ci DEFAULT NULL,
  PRIMARY KEY (`id_profile`),
  KEY `id_roles` (`id_roles`),
  CONSTRAINT `profile_ibfk_1` FOREIGN KEY (`id_roles`) REFERENCES `roles` (`id_roles`) ON DELETE SET NULL
) ENGINE=InnoDB AUTO_INCREMENT=18 DEFAULT CHARSET=utf8mb4 COLLATE=utf8mb4_general_ci;
/*!40101 SET character_set_client = @saved_cs_client */;

--
-- Dumping data for table `profile`
--

LOCK TABLES `profile` WRITE;
/*!40000 ALTER TABLE `profile` DISABLE KEYS */;
INSERT INTO `profile` VALUES (1,'Timothée','THIENPONT',1,'https://cdn.discordapp.com/attachments/1088413788342071388/1088416535422439476/image.png'),(2,'Damian','LAROCHE-RIBERT',1,'https://cdn.discordapp.com/attachments/1088413788342071388/1088416604963995688/image.png'),(3,'Baptiste','DELAVENNE',1,'https://cdn.discordapp.com/attachments/1088413788342071388/1088416755052978186/image.png'),(4,'Léandro','DE BARROS BARBOSA',3,'https://cdn.discordapp.com/attachments/1088413788342071388/1088416880332636160/image.png'),(5,'Aniss','SEJEAN',2,'https://cdn.discordapp.com/attachments/1088413788342071388/1088416946426499102/image.png'),(6,'Clyde','BARULL',3,'https://cdn.discordapp.com/attachments/1088413788342071388/1088416946426499102/image.png'),(7,'Quentin','CAMBUZAT',3,'https://cdn.discordapp.com/attachments/1088413788342071388/1088416946426499102/image.png'),(8,'Florian','MAILLARD',3,'https://cdn.discordapp.com/attachments/1088413788342071388/1088416946426499102/image.png'),(9,'Clément','REYDEL',3,'https://cdn.discordapp.com/attachments/1088413788342071388/1088416946426499102/image.png'),(10,'Paul','BREON',3,'https://cdn.discordapp.com/attachments/1088413788342071388/1088416946426499102/image.png'),(11,'Luc','MARTEN',3,'https://cdn.discordapp.com/attachments/1088413788342071388/1088416946426499102/image.png'),(12,'Lilia','ABBA',3,'https://cdn.discordapp.com/attachments/1088413788342071388/1088416946426499102/image.png'),(13,'Pierre','LEJEUNE',3,'https://cdn.discordapp.com/attachments/1088413788342071388/1088416946426499102/image.png'),(14,'Dupond','Antoine',3,NULL),(15,'Dupond','Antoine',3,NULL),(16,'Dupond','Antoine',3,NULL),(17,'Dupond','dsf',2,NULL);
/*!40000 ALTER TABLE `profile` ENABLE KEYS */;
UNLOCK TABLES;

--
-- Table structure for table `prom`
--

DROP TABLE IF EXISTS `prom`;
/*!40101 SET @saved_cs_client     = @@character_set_client */;
/*!50503 SET character_set_client = utf8mb4 */;
CREATE TABLE `prom` (
  `id_prom` int NOT NULL AUTO_INCREMENT,
  `name` varchar(50) CHARACTER SET utf8mb4 COLLATE utf8mb4_general_ci DEFAULT NULL,
  `id_campus` int DEFAULT NULL,
  PRIMARY KEY (`id_prom`),
  KEY `id_campus` (`id_campus`),
  CONSTRAINT `prom_ibfk_1` FOREIGN KEY (`id_campus`) REFERENCES `campus` (`id_campus`)
) ENGINE=InnoDB AUTO_INCREMENT=11 DEFAULT CHARSET=utf8mb4 COLLATE=utf8mb4_general_ci;
/*!40101 SET character_set_client = @saved_cs_client */;

--
-- Dumping data for table `prom`
--

LOCK TABLES `prom` WRITE;
/*!40000 ALTER TABLE `prom` DISABLE KEYS */;
INSERT INTO `prom` VALUES (1,'Promo 2022',1),(2,'Promo 2023',2),(3,'Promo 2024',3),(4,'Promo 2023',4),(5,'Promo 2023',5),(6,'Promo 2023',6),(7,'Promo 2023',7),(8,'Promo 2023',8),(9,'Promo 2023',9),(10,'Promo 2023',10);
/*!40000 ALTER TABLE `prom` ENABLE KEYS */;
UNLOCK TABLES;

--
-- Table structure for table `rate`
--

DROP TABLE IF EXISTS `rate`;
/*!40101 SET @saved_cs_client     = @@character_set_client */;
/*!50503 SET character_set_client = utf8mb4 */;
CREATE TABLE `rate` (
  `id_profile` int NOT NULL,
  `id_company` int NOT NULL,
  `rating` int DEFAULT NULL,
  `comment` varchar(500) CHARACTER SET utf8mb4 COLLATE utf8mb4_general_ci DEFAULT NULL,
  PRIMARY KEY (`id_profile`,`id_company`),
  KEY `id_company` (`id_company`),
  CONSTRAINT `rate_ibfk_1` FOREIGN KEY (`id_profile`) REFERENCES `profile` (`id_profile`) ON DELETE CASCADE,
  CONSTRAINT `rate_ibfk_2` FOREIGN KEY (`id_company`) REFERENCES `company` (`id_company`) ON DELETE CASCADE
) ENGINE=InnoDB DEFAULT CHARSET=utf8mb4 COLLATE=utf8mb4_general_ci;
/*!40101 SET character_set_client = @saved_cs_client */;

--
-- Dumping data for table `rate`
--

LOCK TABLES `rate` WRITE;
/*!40000 ALTER TABLE `rate` DISABLE KEYS */;
INSERT INTO `rate` VALUES (4,1,4,'Bonne entreprise'),(4,2,5,'Très bonne entreprise'),(4,3,3,'Assez bonne entreprise'),(5,3,4,'Entreprise exceptionnelle, je suis très satisfait(e) de mon expérience'),(6,3,3,'Assez bonne entreprise'),(7,3,3,'Assez bonne entreprise'),(8,3,3,'Assez bonne entreprise'),(9,3,3,'Assez bonne entreprise'),(10,3,3,'Assez bonne entreprise'),(11,3,3,'Assez bonne entreprise');
/*!40000 ALTER TABLE `rate` ENABLE KEYS */;
UNLOCK TABLES;

--
-- Table structure for table `requires`
--

DROP TABLE IF EXISTS `requires`;
/*!40101 SET @saved_cs_client     = @@character_set_client */;
/*!50503 SET character_set_client = utf8mb4 */;
CREATE TABLE `requires` (
  `id_offer` int NOT NULL,
  `id_skill` int NOT NULL,
  `level` int NOT NULL,
  PRIMARY KEY (`id_offer`,`id_skill`),
  KEY `id_skill` (`id_skill`),
  CONSTRAINT `requires_ibfk_1` FOREIGN KEY (`id_offer`) REFERENCES `offer` (`id_offer`) ON DELETE CASCADE,
  CONSTRAINT `requires_ibfk_2` FOREIGN KEY (`id_skill`) REFERENCES `skills` (`id_skill`) ON DELETE CASCADE
) ENGINE=InnoDB DEFAULT CHARSET=utf8mb4 COLLATE=utf8mb4_general_ci;
/*!40101 SET character_set_client = @saved_cs_client */;

--
-- Dumping data for table `requires`
--

LOCK TABLES `requires` WRITE;
/*!40000 ALTER TABLE `requires` DISABLE KEYS */;
INSERT INTO `requires` VALUES (1,1,3),(1,3,2),(2,2,1),(2,3,3),(3,1,2),(3,2,1),(4,2,2),(4,4,3),(5,1,1),(6,5,2),(7,1,1),(8,1,1),(9,1,1),(10,1,1),(11,1,1),(12,1,1);
/*!40000 ALTER TABLE `requires` ENABLE KEYS */;
UNLOCK TABLES;

--
-- Table structure for table `roles`
--

DROP TABLE IF EXISTS `roles`;
/*!40101 SET @saved_cs_client     = @@character_set_client */;
/*!50503 SET character_set_client = utf8mb4 */;
CREATE TABLE `roles` (
  `id_roles` int NOT NULL AUTO_INCREMENT,
  `name` varchar(100) CHARACTER SET utf8mb4 COLLATE utf8mb4_general_ci DEFAULT NULL,
  PRIMARY KEY (`id_roles`)
) ENGINE=InnoDB AUTO_INCREMENT=4 DEFAULT CHARSET=utf8mb4 COLLATE=utf8mb4_general_ci;
/*!40101 SET character_set_client = @saved_cs_client */;

--
-- Dumping data for table `roles`
--

LOCK TABLES `roles` WRITE;
/*!40000 ALTER TABLE `roles` DISABLE KEYS */;
INSERT INTO `roles` VALUES (1,'admin'),(2,'pilote'),(3,'etudiant');
/*!40000 ALTER TABLE `roles` ENABLE KEYS */;
UNLOCK TABLES;

--
-- Table structure for table `sector`
--

DROP TABLE IF EXISTS `sector`;
/*!40101 SET @saved_cs_client     = @@character_set_client */;
/*!50503 SET character_set_client = utf8mb4 */;
CREATE TABLE `sector` (
  `id_company` int NOT NULL,
  `id_activity` int NOT NULL,
  PRIMARY KEY (`id_company`,`id_activity`),
  KEY `id_activity` (`id_activity`),
  CONSTRAINT `sector_ibfk_1` FOREIGN KEY (`id_company`) REFERENCES `company` (`id_company`) ON DELETE CASCADE,
  CONSTRAINT `sector_ibfk_2` FOREIGN KEY (`id_activity`) REFERENCES `activity` (`id_activity`) ON DELETE CASCADE
) ENGINE=InnoDB DEFAULT CHARSET=utf8mb4 COLLATE=utf8mb4_general_ci;
/*!40101 SET character_set_client = @saved_cs_client */;

--
-- Dumping data for table `sector`
--

LOCK TABLES `sector` WRITE;
/*!40000 ALTER TABLE `sector` DISABLE KEYS */;
INSERT INTO `sector` VALUES (1,1),(3,1),(2,2),(3,2),(5,2),(8,2),(9,2),(10,2),(11,2),(12,2),(13,2),(14,2),(1,3),(2,4),(4,4);
/*!40000 ALTER TABLE `sector` ENABLE KEYS */;
UNLOCK TABLES;

--
-- Table structure for table `skills`
--

DROP TABLE IF EXISTS `skills`;
/*!40101 SET @saved_cs_client     = @@character_set_client */;
/*!50503 SET character_set_client = utf8mb4 */;
CREATE TABLE `skills` (
  `id_skill` int NOT NULL AUTO_INCREMENT,
  `name` varchar(50) CHARACTER SET utf8mb4 COLLATE utf8mb4_general_ci NOT NULL,
  PRIMARY KEY (`id_skill`)
) ENGINE=InnoDB AUTO_INCREMENT=11 DEFAULT CHARSET=utf8mb4 COLLATE=utf8mb4_general_ci;
/*!40101 SET character_set_client = @saved_cs_client */;

--
-- Dumping data for table `skills`
--

LOCK TABLES `skills` WRITE;
/*!40000 ALTER TABLE `skills` DISABLE KEYS */;
INSERT INTO `skills` VALUES (1,'Java'),(2,'Photoshop'),(3,'Leadership'),(4,'SEO'),(5,'Java'),(6,'Python'),(7,'SQL'),(8,'Marketing digital'),(9,'Gestion de projet'),(10,'Anglais');
/*!40000 ALTER TABLE `skills` ENABLE KEYS */;
UNLOCK TABLES;

--
-- Temporary view structure for view `view_offer`
--

DROP TABLE IF EXISTS `view_offer`;
/*!50001 DROP VIEW IF EXISTS `view_offer`*/;
SET @saved_cs_client     = @@character_set_client;
/*!50503 SET character_set_client = utf8mb4 */;
/*!50001 CREATE VIEW `view_offer` AS SELECT 
 1 AS `id_offer`,
 1 AS `name`,
 1 AS `link`,
 1 AS `company`,
 1 AS `city`,
 1 AS `zipcode`*/;
SET character_set_client = @saved_cs_client;

--
-- Temporary view structure for view `view_pilots`
--

DROP TABLE IF EXISTS `view_pilots`;
/*!50001 DROP VIEW IF EXISTS `view_pilots`*/;
SET @saved_cs_client     = @@character_set_client;
/*!50503 SET character_set_client = utf8mb4 */;
/*!50001 CREATE VIEW `view_pilots` AS SELECT 
 1 AS `id_profile`,
 1 AS `fname`,
 1 AS `lname`,
 1 AS `photo`,
 1 AS `email`,
 1 AS `id_roles`,
 1 AS `prom`,
 1 AS `student_count`,
 1 AS `id_campus`,
 1 AS `campus`,
 1 AS `id_address`,
 1 AS `address`,
 1 AS `number`,
 1 AS `comment`,
 1 AS `city`*/;
SET character_set_client = @saved_cs_client;

--
-- Temporary view structure for view `view_student`
--

DROP TABLE IF EXISTS `view_student`;
/*!50001 DROP VIEW IF EXISTS `view_student`*/;
SET @saved_cs_client     = @@character_set_client;
/*!50503 SET character_set_client = utf8mb4 */;
/*!50001 CREATE VIEW `view_student` AS SELECT 
 1 AS `id_profile`,
 1 AS `fname`,
 1 AS `lname`,
 1 AS `photo`,
 1 AS `id_person`,
 1 AS `prom`,
 1 AS `id_prom`,
 1 AS `email`,
 1 AS `accepted`,
 1 AS `id_roles`,
 1 AS `id_offer`,
 1 AS `offer`,
 1 AS `id_progress_state`,
 1 AS `state`,
 1 AS `startdate`,
 1 AS `company`*/;
SET character_set_client = @saved_cs_client;

--
-- Table structure for table `wish`
--

DROP TABLE IF EXISTS `wish`;
/*!40101 SET @saved_cs_client     = @@character_set_client */;
/*!50503 SET character_set_client = utf8mb4 */;
CREATE TABLE `wish` (
  `id_profile` int NOT NULL,
  `id_offer` int NOT NULL,
  PRIMARY KEY (`id_profile`,`id_offer`),
  KEY `id_offer` (`id_offer`),
  CONSTRAINT `wish_ibfk_1` FOREIGN KEY (`id_profile`) REFERENCES `profile` (`id_profile`) ON DELETE CASCADE,
  CONSTRAINT `wish_ibfk_2` FOREIGN KEY (`id_offer`) REFERENCES `offer` (`id_offer`) ON DELETE CASCADE
) ENGINE=InnoDB DEFAULT CHARSET=utf8mb4 COLLATE=utf8mb4_general_ci;
/*!40101 SET character_set_client = @saved_cs_client */;

--
-- Dumping data for table `wish`
--

LOCK TABLES `wish` WRITE;
/*!40000 ALTER TABLE `wish` DISABLE KEYS */;
INSERT INTO `wish` VALUES (2,1),(1,2),(5,2),(6,2),(7,2),(8,2),(9,2),(10,2),(11,2),(12,2),(13,2),(3,3),(4,5);
/*!40000 ALTER TABLE `wish` ENABLE KEYS */;
UNLOCK TABLES;

--
-- Dumping events for database 'web'
--

--
-- Dumping routines for database 'web'
--
/*!50003 DROP PROCEDURE IF EXISTS `AUTH` */;
/*!50003 SET @saved_cs_client      = @@character_set_client */ ;
/*!50003 SET @saved_cs_results     = @@character_set_results */ ;
/*!50003 SET @saved_col_connection = @@collation_connection */ ;
/*!50003 SET character_set_client  = utf8mb4 */ ;
/*!50003 SET character_set_results = utf8mb4 */ ;
/*!50003 SET collation_connection  = utf8mb3_general_ci */ ;
/*!50003 SET @saved_sql_mode       = @@sql_mode */ ;
/*!50003 SET sql_mode              = 'NO_AUTO_VALUE_ON_ZERO' */ ;
DELIMITER ;;
CREATE DEFINER=`root`@`localhost` PROCEDURE `AUTH`(p_email VARCHAR(255))
BEGIN
	SELECT id_person, email, password, id_profile FROM person
  WHERE email = p_email;
END ;;
DELIMITER ;
/*!50003 SET sql_mode              = @saved_sql_mode */ ;
/*!50003 SET character_set_client  = @saved_cs_client */ ;
/*!50003 SET character_set_results = @saved_cs_results */ ;
/*!50003 SET collation_connection  = @saved_col_connection */ ;
/*!50003 DROP PROCEDURE IF EXISTS `CREATE_COMPANY` */;
/*!50003 SET @saved_cs_client      = @@character_set_client */ ;
/*!50003 SET @saved_cs_results     = @@character_set_results */ ;
/*!50003 SET @saved_col_connection = @@collation_connection */ ;
/*!50003 SET character_set_client  = utf8mb4 */ ;
/*!50003 SET character_set_results = utf8mb4 */ ;
/*!50003 SET collation_connection  = utf8mb3_general_ci */ ;
/*!50003 SET @saved_sql_mode       = @@sql_mode */ ;
/*!50003 SET sql_mode              = 'NO_AUTO_VALUE_ON_ZERO' */ ;
DELIMITER ;;
CREATE DEFINER=`root`@`localhost` PROCEDURE `CREATE_COMPANY`(`p_name` VARCHAR(255), `p_active` BOOL, `p_link` VARCHAR(255), `p_city` VARCHAR(255), `p_zipcode` VARCHAR(20), `p_address` VARCHAR(255), `p_number` VARCHAR(20), `p_comment` VARCHAR(300))
BEGIN
	insert into company (name,active,link) VALUES (p_name,p_active,p_link);
	set @temp = last_insert_id();
	insert into city (name,zipcode) VALUES (p_city,p_zipcode);
	set @temp2 = last_insert_id();
	insert into address (name,number,comment,id_city) VALUES (p_address,p_number,p_comment,@temp2);
	set @temp3 = last_insert_id();
	insert into localities (id_address,id_company) VALUES (@temp3,@temp);
END ;;
DELIMITER ;
/*!50003 SET sql_mode              = @saved_sql_mode */ ;
/*!50003 SET character_set_client  = @saved_cs_client */ ;
/*!50003 SET character_set_results = @saved_cs_results */ ;
/*!50003 SET collation_connection  = @saved_col_connection */ ;
/*!50003 DROP PROCEDURE IF EXISTS `CREATION_ACTIVITY` */;
/*!50003 SET @saved_cs_client      = @@character_set_client */ ;
/*!50003 SET @saved_cs_results     = @@character_set_results */ ;
/*!50003 SET @saved_col_connection = @@collation_connection */ ;
/*!50003 SET character_set_client  = utf8mb4 */ ;
/*!50003 SET character_set_results = utf8mb4 */ ;
/*!50003 SET collation_connection  = utf8mb3_general_ci */ ;
/*!50003 SET @saved_sql_mode       = @@sql_mode */ ;
/*!50003 SET sql_mode              = 'NO_AUTO_VALUE_ON_ZERO' */ ;
DELIMITER ;;
CREATE DEFINER=`root`@`localhost` PROCEDURE `CREATION_ACTIVITY`(`p_name` VARCHAR(255))
BEGIN
insert into activity (name) values (p_name);
END ;;
DELIMITER ;
/*!50003 SET sql_mode              = @saved_sql_mode */ ;
/*!50003 SET character_set_client  = @saved_cs_client */ ;
/*!50003 SET character_set_results = @saved_cs_results */ ;
/*!50003 SET collation_connection  = @saved_col_connection */ ;
/*!50003 DROP PROCEDURE IF EXISTS `CREATION_ADDRESS` */;
/*!50003 SET @saved_cs_client      = @@character_set_client */ ;
/*!50003 SET @saved_cs_results     = @@character_set_results */ ;
/*!50003 SET @saved_col_connection = @@collation_connection */ ;
/*!50003 SET character_set_client  = utf8mb4 */ ;
/*!50003 SET character_set_results = utf8mb4 */ ;
/*!50003 SET collation_connection  = utf8mb3_general_ci */ ;
/*!50003 SET @saved_sql_mode       = @@sql_mode */ ;
/*!50003 SET sql_mode              = 'NO_AUTO_VALUE_ON_ZERO' */ ;
DELIMITER ;;
CREATE DEFINER=`root`@`localhost` PROCEDURE `CREATION_ADDRESS`(`p_name` VARCHAR(255), `p_number` INT, `p_comment` VARCHAR(255), `p_id_city` INT)
BEGIN
insert into address (name,number,comment,id_city) values (p_name,p_number,p_comment,p_id_city);
END ;;
DELIMITER ;
/*!50003 SET sql_mode              = @saved_sql_mode */ ;
/*!50003 SET character_set_client  = @saved_cs_client */ ;
/*!50003 SET character_set_results = @saved_cs_results */ ;
/*!50003 SET collation_connection  = @saved_col_connection */ ;
/*!50003 DROP PROCEDURE IF EXISTS `CREATION_CANDIDATURE` */;
/*!50003 SET @saved_cs_client      = @@character_set_client */ ;
/*!50003 SET @saved_cs_results     = @@character_set_results */ ;
/*!50003 SET @saved_col_connection = @@collation_connection */ ;
/*!50003 SET character_set_client  = utf8mb4 */ ;
/*!50003 SET character_set_results = utf8mb4 */ ;
/*!50003 SET collation_connection  = utf8mb3_general_ci */ ;
/*!50003 SET @saved_sql_mode       = @@sql_mode */ ;
/*!50003 SET sql_mode              = 'NO_AUTO_VALUE_ON_ZERO' */ ;
DELIMITER ;;
CREATE DEFINER=`root`@`localhost` PROCEDURE `CREATION_CANDIDATURE`(`p_send_date` DATE, `p_id_progress_state` INT, `p_id_profile` INT, `p_id_offer` INT)
BEGIN
insert into candidature (send_date,id_progress_state,id_profile,id_offer) values (p_send_date,p_id_progress_state,p_idprofile,p_id_offer);
END ;;
DELIMITER ;
/*!50003 SET sql_mode              = @saved_sql_mode */ ;
/*!50003 SET character_set_client  = @saved_cs_client */ ;
/*!50003 SET character_set_results = @saved_cs_results */ ;
/*!50003 SET collation_connection  = @saved_col_connection */ ;
/*!50003 DROP PROCEDURE IF EXISTS `CREATION_OFFER` */;
/*!50003 SET @saved_cs_client      = @@character_set_client */ ;
/*!50003 SET @saved_cs_results     = @@character_set_results */ ;
/*!50003 SET @saved_col_connection = @@collation_connection */ ;
/*!50003 SET character_set_client  = utf8mb4 */ ;
/*!50003 SET character_set_results = utf8mb4 */ ;
/*!50003 SET collation_connection  = utf8mb3_general_ci */ ;
/*!50003 SET @saved_sql_mode       = @@sql_mode */ ;
/*!50003 SET sql_mode              = 'NO_AUTO_VALUE_ON_ZERO' */ ;
DELIMITER ;;
CREATE DEFINER=`root`@`localhost` PROCEDURE `CREATION_OFFER`(`p_name` VARCHAR(50), `p_active` BOOL, `p_period` VARCHAR(50), `p_amount` VARCHAR(50), `p_wage` VARCHAR(50), `p_comment` VARCHAR(500), `p_contact_mail` VARCHAR(100), `p_telephone` VARCHAR(15), `id_localities` INT, `id_activity` INT)
BEGIN
        INSERT INTO offer (name,active,startdate,period,amount,wage,comment,contact_mail,telephone,id_localities,id_activity) VALUES (p_name,p_active,p_period,p_amount,p_wage,p_comment,p_contact_mail,p_telephone,id_localities,id_activity);
END ;;
DELIMITER ;
/*!50003 SET sql_mode              = @saved_sql_mode */ ;
/*!50003 SET character_set_client  = @saved_cs_client */ ;
/*!50003 SET character_set_results = @saved_cs_results */ ;
/*!50003 SET collation_connection  = @saved_col_connection */ ;
/*!50003 DROP PROCEDURE IF EXISTS `CREATION_PROFILE` */;
/*!50003 SET @saved_cs_client      = @@character_set_client */ ;
/*!50003 SET @saved_cs_results     = @@character_set_results */ ;
/*!50003 SET @saved_col_connection = @@collation_connection */ ;
/*!50003 SET character_set_client  = utf8mb4 */ ;
/*!50003 SET character_set_results = utf8mb4 */ ;
/*!50003 SET collation_connection  = utf8mb4_0900_ai_ci */ ;
/*!50003 SET @saved_sql_mode       = @@sql_mode */ ;
/*!50003 SET sql_mode              = 'ONLY_FULL_GROUP_BY,STRICT_TRANS_TABLES,NO_ZERO_IN_DATE,NO_ZERO_DATE,ERROR_FOR_DIVISION_BY_ZERO,NO_ENGINE_SUBSTITUTION' */ ;
DELIMITER ;;
CREATE DEFINER=`root`@`localhost` PROCEDURE `CREATION_PROFILE`(`p_fname` VARCHAR(50), `p_lname` VARCHAR(50), `p_id_roles` INT, `p_email` VARCHAR(255), `p_password` VARCHAR(255), `p_id_prom` INT)
BEGIN
	INSERT INTO profile (fname,lname,id_roles) VALUES (p_fname,p_lname,p_id_roles);
	SET @temp=last_insert_id();
	INSERT INTO person (email,password,id_profile) VALUES (p_email,p_password,@temp);
	INSERT INTO affiliated (id_profile,id_prom) VALUES (@temp, p_id_prom);
END ;;
DELIMITER ;
/*!50003 SET sql_mode              = @saved_sql_mode */ ;
/*!50003 SET character_set_client  = @saved_cs_client */ ;
/*!50003 SET character_set_results = @saved_cs_results */ ;
/*!50003 SET collation_connection  = @saved_col_connection */ ;
/*!50003 DROP PROCEDURE IF EXISTS `CREATION_PROM` */;
/*!50003 SET @saved_cs_client      = @@character_set_client */ ;
/*!50003 SET @saved_cs_results     = @@character_set_results */ ;
/*!50003 SET @saved_col_connection = @@collation_connection */ ;
/*!50003 SET character_set_client  = utf8mb4 */ ;
/*!50003 SET character_set_results = utf8mb4 */ ;
/*!50003 SET collation_connection  = utf8mb3_general_ci */ ;
/*!50003 SET @saved_sql_mode       = @@sql_mode */ ;
/*!50003 SET sql_mode              = 'NO_AUTO_VALUE_ON_ZERO' */ ;
DELIMITER ;;
CREATE DEFINER=`root`@`localhost` PROCEDURE `CREATION_PROM`(`p_name` VARCHAR(255), `p_id_campus` INT)
BEGIN
insert into prom (name,id_campus) values (p_name,p_id_campus);
END ;;
DELIMITER ;
/*!50003 SET sql_mode              = @saved_sql_mode */ ;
/*!50003 SET character_set_client  = @saved_cs_client */ ;
/*!50003 SET character_set_results = @saved_cs_results */ ;
/*!50003 SET collation_connection  = @saved_col_connection */ ;
/*!50003 DROP PROCEDURE IF EXISTS `CREATION_RATE` */;
/*!50003 SET @saved_cs_client      = @@character_set_client */ ;
/*!50003 SET @saved_cs_results     = @@character_set_results */ ;
/*!50003 SET @saved_col_connection = @@collation_connection */ ;
/*!50003 SET character_set_client  = utf8mb4 */ ;
/*!50003 SET character_set_results = utf8mb4 */ ;
/*!50003 SET collation_connection  = utf8mb3_general_ci */ ;
/*!50003 SET @saved_sql_mode       = @@sql_mode */ ;
/*!50003 SET sql_mode              = 'NO_AUTO_VALUE_ON_ZERO' */ ;
DELIMITER ;;
CREATE DEFINER=`root`@`localhost` PROCEDURE `CREATION_RATE`(`p_id_profile` INT, `p_id_company` INT, `p_rating` INT, `p_comment` VARCHAR(500))
BEGIN
insert into rate (id_profile,id_company,rating,comment) values (p_id_profile,p_id_company,p_rating,p_comment);
END ;;
DELIMITER ;
/*!50003 SET sql_mode              = @saved_sql_mode */ ;
/*!50003 SET character_set_client  = @saved_cs_client */ ;
/*!50003 SET character_set_results = @saved_cs_results */ ;
/*!50003 SET collation_connection  = @saved_col_connection */ ;
/*!50003 DROP PROCEDURE IF EXISTS `CREATION_REQUIRES` */;
/*!50003 SET @saved_cs_client      = @@character_set_client */ ;
/*!50003 SET @saved_cs_results     = @@character_set_results */ ;
/*!50003 SET @saved_col_connection = @@collation_connection */ ;
/*!50003 SET character_set_client  = utf8mb4 */ ;
/*!50003 SET character_set_results = utf8mb4 */ ;
/*!50003 SET collation_connection  = utf8mb3_general_ci */ ;
/*!50003 SET @saved_sql_mode       = @@sql_mode */ ;
/*!50003 SET sql_mode              = 'NO_AUTO_VALUE_ON_ZERO' */ ;
DELIMITER ;;
CREATE DEFINER=`root`@`localhost` PROCEDURE `CREATION_REQUIRES`(`p_id_offer` INT, `p_id_skill` INT, `p_level` INT)
BEGIN
insert into requires (id_offer,id_skill,level) values (p_id_offer,p_id_skill,p_level);
END ;;
DELIMITER ;
/*!50003 SET sql_mode              = @saved_sql_mode */ ;
/*!50003 SET character_set_client  = @saved_cs_client */ ;
/*!50003 SET character_set_results = @saved_cs_results */ ;
/*!50003 SET collation_connection  = @saved_col_connection */ ;
/*!50003 DROP PROCEDURE IF EXISTS `CREATION_SECTOR` */;
/*!50003 SET @saved_cs_client      = @@character_set_client */ ;
/*!50003 SET @saved_cs_results     = @@character_set_results */ ;
/*!50003 SET @saved_col_connection = @@collation_connection */ ;
/*!50003 SET character_set_client  = utf8mb4 */ ;
/*!50003 SET character_set_results = utf8mb4 */ ;
/*!50003 SET collation_connection  = utf8mb3_general_ci */ ;
/*!50003 SET @saved_sql_mode       = @@sql_mode */ ;
/*!50003 SET sql_mode              = 'NO_AUTO_VALUE_ON_ZERO' */ ;
DELIMITER ;;
CREATE DEFINER=`root`@`localhost` PROCEDURE `CREATION_SECTOR`(`p_id_company` INT, `p_id_activity` INT)
BEGIN
insert into sector (id_company,id_activity) values (p_id_company,p_id_activity);
END ;;
DELIMITER ;
/*!50003 SET sql_mode              = @saved_sql_mode */ ;
/*!50003 SET character_set_client  = @saved_cs_client */ ;
/*!50003 SET character_set_results = @saved_cs_results */ ;
/*!50003 SET collation_connection  = @saved_col_connection */ ;
/*!50003 DROP PROCEDURE IF EXISTS `CREATION_SKILLS` */;
/*!50003 SET @saved_cs_client      = @@character_set_client */ ;
/*!50003 SET @saved_cs_results     = @@character_set_results */ ;
/*!50003 SET @saved_col_connection = @@collation_connection */ ;
/*!50003 SET character_set_client  = utf8mb4 */ ;
/*!50003 SET character_set_results = utf8mb4 */ ;
/*!50003 SET collation_connection  = utf8mb3_general_ci */ ;
/*!50003 SET @saved_sql_mode       = @@sql_mode */ ;
/*!50003 SET sql_mode              = 'NO_AUTO_VALUE_ON_ZERO' */ ;
DELIMITER ;;
CREATE DEFINER=`root`@`localhost` PROCEDURE `CREATION_SKILLS`(`p_name` VARCHAR(255))
BEGIN
insert into skills (name) values (p_name);
END ;;
DELIMITER ;
/*!50003 SET sql_mode              = @saved_sql_mode */ ;
/*!50003 SET character_set_client  = @saved_cs_client */ ;
/*!50003 SET character_set_results = @saved_cs_results */ ;
/*!50003 SET collation_connection  = @saved_col_connection */ ;
/*!50003 DROP PROCEDURE IF EXISTS `CREATION_WISH` */;
/*!50003 SET @saved_cs_client      = @@character_set_client */ ;
/*!50003 SET @saved_cs_results     = @@character_set_results */ ;
/*!50003 SET @saved_col_connection = @@collation_connection */ ;
/*!50003 SET character_set_client  = utf8mb4 */ ;
/*!50003 SET character_set_results = utf8mb4 */ ;
/*!50003 SET collation_connection  = utf8mb3_general_ci */ ;
/*!50003 SET @saved_sql_mode       = @@sql_mode */ ;
/*!50003 SET sql_mode              = 'NO_AUTO_VALUE_ON_ZERO' */ ;
DELIMITER ;;
CREATE DEFINER=`root`@`localhost` PROCEDURE `CREATION_WISH`(`p_id_profile` INT, `p_id_offer` INT)
BEGIN
insert into wish (id_profile,id_offer) values (p_id_profile,p_id_offer);
END ;;
DELIMITER ;
/*!50003 SET sql_mode              = @saved_sql_mode */ ;
/*!50003 SET character_set_client  = @saved_cs_client */ ;
/*!50003 SET character_set_results = @saved_cs_results */ ;
/*!50003 SET collation_connection  = @saved_col_connection */ ;
/*!50003 DROP PROCEDURE IF EXISTS `DELETE_ACTIVITY` */;
/*!50003 SET @saved_cs_client      = @@character_set_client */ ;
/*!50003 SET @saved_cs_results     = @@character_set_results */ ;
/*!50003 SET @saved_col_connection = @@collation_connection */ ;
/*!50003 SET character_set_client  = utf8mb4 */ ;
/*!50003 SET character_set_results = utf8mb4 */ ;
/*!50003 SET collation_connection  = utf8mb3_general_ci */ ;
/*!50003 SET @saved_sql_mode       = @@sql_mode */ ;
/*!50003 SET sql_mode              = 'NO_AUTO_VALUE_ON_ZERO' */ ;
DELIMITER ;;
CREATE DEFINER=`root`@`localhost` PROCEDURE `DELETE_ACTIVITY`(`p_id_activity` INT)
BEGIN
DELETE from activity
where id_activity = p_id_activity;
END ;;
DELIMITER ;
/*!50003 SET sql_mode              = @saved_sql_mode */ ;
/*!50003 SET character_set_client  = @saved_cs_client */ ;
/*!50003 SET character_set_results = @saved_cs_results */ ;
/*!50003 SET collation_connection  = @saved_col_connection */ ;
/*!50003 DROP PROCEDURE IF EXISTS `DELETE_ADDRESS` */;
/*!50003 SET @saved_cs_client      = @@character_set_client */ ;
/*!50003 SET @saved_cs_results     = @@character_set_results */ ;
/*!50003 SET @saved_col_connection = @@collation_connection */ ;
/*!50003 SET character_set_client  = utf8mb4 */ ;
/*!50003 SET character_set_results = utf8mb4 */ ;
/*!50003 SET collation_connection  = utf8mb3_general_ci */ ;
/*!50003 SET @saved_sql_mode       = @@sql_mode */ ;
/*!50003 SET sql_mode              = 'NO_AUTO_VALUE_ON_ZERO' */ ;
DELIMITER ;;
CREATE DEFINER=`root`@`localhost` PROCEDURE `DELETE_ADDRESS`(`p_id_address` INT)
BEGIN
DELETE FROM address
	WHERE id_address = p_id_address;
END ;;
DELIMITER ;
/*!50003 SET sql_mode              = @saved_sql_mode */ ;
/*!50003 SET character_set_client  = @saved_cs_client */ ;
/*!50003 SET character_set_results = @saved_cs_results */ ;
/*!50003 SET collation_connection  = @saved_col_connection */ ;
/*!50003 DROP PROCEDURE IF EXISTS `DELETE_CAMPUS` */;
/*!50003 SET @saved_cs_client      = @@character_set_client */ ;
/*!50003 SET @saved_cs_results     = @@character_set_results */ ;
/*!50003 SET @saved_col_connection = @@collation_connection */ ;
/*!50003 SET character_set_client  = utf8mb4 */ ;
/*!50003 SET character_set_results = utf8mb4 */ ;
/*!50003 SET collation_connection  = utf8mb3_general_ci */ ;
/*!50003 SET @saved_sql_mode       = @@sql_mode */ ;
/*!50003 SET sql_mode              = 'NO_AUTO_VALUE_ON_ZERO' */ ;
DELIMITER ;;
CREATE DEFINER=`root`@`localhost` PROCEDURE `DELETE_CAMPUS`(`p_id_campus` INT)
BEGIN
DELETE FROM campus
	WHERE id_campus = p_id_campus;
END ;;
DELIMITER ;
/*!50003 SET sql_mode              = @saved_sql_mode */ ;
/*!50003 SET character_set_client  = @saved_cs_client */ ;
/*!50003 SET character_set_results = @saved_cs_results */ ;
/*!50003 SET collation_connection  = @saved_col_connection */ ;
/*!50003 DROP PROCEDURE IF EXISTS `DELETE_CANDIDATURE` */;
/*!50003 SET @saved_cs_client      = @@character_set_client */ ;
/*!50003 SET @saved_cs_results     = @@character_set_results */ ;
/*!50003 SET @saved_col_connection = @@collation_connection */ ;
/*!50003 SET character_set_client  = utf8mb4 */ ;
/*!50003 SET character_set_results = utf8mb4 */ ;
/*!50003 SET collation_connection  = utf8mb3_general_ci */ ;
/*!50003 SET @saved_sql_mode       = @@sql_mode */ ;
/*!50003 SET sql_mode              = 'NO_AUTO_VALUE_ON_ZERO' */ ;
DELIMITER ;;
CREATE DEFINER=`root`@`localhost` PROCEDURE `DELETE_CANDIDATURE`(`p_id_candidature` INT)
BEGIN
delete from candidature
where id_candidature = p_id_candidature;
END ;;
DELIMITER ;
/*!50003 SET sql_mode              = @saved_sql_mode */ ;
/*!50003 SET character_set_client  = @saved_cs_client */ ;
/*!50003 SET character_set_results = @saved_cs_results */ ;
/*!50003 SET collation_connection  = @saved_col_connection */ ;
/*!50003 DROP PROCEDURE IF EXISTS `DELETE_COMPANY` */;
/*!50003 SET @saved_cs_client      = @@character_set_client */ ;
/*!50003 SET @saved_cs_results     = @@character_set_results */ ;
/*!50003 SET @saved_col_connection = @@collation_connection */ ;
/*!50003 SET character_set_client  = utf8mb4 */ ;
/*!50003 SET character_set_results = utf8mb4 */ ;
/*!50003 SET collation_connection  = utf8mb3_general_ci */ ;
/*!50003 SET @saved_sql_mode       = @@sql_mode */ ;
/*!50003 SET sql_mode              = 'NO_AUTO_VALUE_ON_ZERO' */ ;
DELIMITER ;;
CREATE DEFINER=`root`@`localhost` PROCEDURE `DELETE_COMPANY`(`p_id_company` INT)
BEGIN
DELETE FROM company
	WHERE id_company = p_id_company;
END ;;
DELIMITER ;
/*!50003 SET sql_mode              = @saved_sql_mode */ ;
/*!50003 SET character_set_client  = @saved_cs_client */ ;
/*!50003 SET character_set_results = @saved_cs_results */ ;
/*!50003 SET collation_connection  = @saved_col_connection */ ;
/*!50003 DROP PROCEDURE IF EXISTS `DELETE_LOCALITIES` */;
/*!50003 SET @saved_cs_client      = @@character_set_client */ ;
/*!50003 SET @saved_cs_results     = @@character_set_results */ ;
/*!50003 SET @saved_col_connection = @@collation_connection */ ;
/*!50003 SET character_set_client  = utf8mb4 */ ;
/*!50003 SET character_set_results = utf8mb4 */ ;
/*!50003 SET collation_connection  = utf8mb3_general_ci */ ;
/*!50003 SET @saved_sql_mode       = @@sql_mode */ ;
/*!50003 SET sql_mode              = 'NO_AUTO_VALUE_ON_ZERO' */ ;
DELIMITER ;;
CREATE DEFINER=`root`@`localhost` PROCEDURE `DELETE_LOCALITIES`(`p_id_localities` INT)
BEGIN
DELETE FROM localities
	WHERE id_localities = p_id_localities;
END ;;
DELIMITER ;
/*!50003 SET sql_mode              = @saved_sql_mode */ ;
/*!50003 SET character_set_client  = @saved_cs_client */ ;
/*!50003 SET character_set_results = @saved_cs_results */ ;
/*!50003 SET collation_connection  = @saved_col_connection */ ;
/*!50003 DROP PROCEDURE IF EXISTS `DELETE_OFFER` */;
/*!50003 SET @saved_cs_client      = @@character_set_client */ ;
/*!50003 SET @saved_cs_results     = @@character_set_results */ ;
/*!50003 SET @saved_col_connection = @@collation_connection */ ;
/*!50003 SET character_set_client  = utf8mb4 */ ;
/*!50003 SET character_set_results = utf8mb4 */ ;
/*!50003 SET collation_connection  = utf8mb3_general_ci */ ;
/*!50003 SET @saved_sql_mode       = @@sql_mode */ ;
/*!50003 SET sql_mode              = 'NO_AUTO_VALUE_ON_ZERO' */ ;
DELIMITER ;;
CREATE DEFINER=`root`@`localhost` PROCEDURE `DELETE_OFFER`(`p_id_offer` INT)
BEGIN
	DELETE FROM offer
	WHERE id_offer = p_id_offer;
END ;;
DELIMITER ;
/*!50003 SET sql_mode              = @saved_sql_mode */ ;
/*!50003 SET character_set_client  = @saved_cs_client */ ;
/*!50003 SET character_set_results = @saved_cs_results */ ;
/*!50003 SET collation_connection  = @saved_col_connection */ ;
/*!50003 DROP PROCEDURE IF EXISTS `DELETE_POSTULATE_PROGRESS_STEPS` */;
/*!50003 SET @saved_cs_client      = @@character_set_client */ ;
/*!50003 SET @saved_cs_results     = @@character_set_results */ ;
/*!50003 SET @saved_col_connection = @@collation_connection */ ;
/*!50003 SET character_set_client  = utf8mb4 */ ;
/*!50003 SET character_set_results = utf8mb4 */ ;
/*!50003 SET collation_connection  = utf8mb3_general_ci */ ;
/*!50003 SET @saved_sql_mode       = @@sql_mode */ ;
/*!50003 SET sql_mode              = 'NO_AUTO_VALUE_ON_ZERO' */ ;
DELIMITER ;;
CREATE DEFINER=`root`@`localhost` PROCEDURE `DELETE_POSTULATE_PROGRESS_STEPS`(`p_id_progress_state` INT)
BEGIN
DELETE FROM postulate_progress_steps
	WHERE id_progress_state = p_id_progress_state;
END ;;
DELIMITER ;
/*!50003 SET sql_mode              = @saved_sql_mode */ ;
/*!50003 SET character_set_client  = @saved_cs_client */ ;
/*!50003 SET character_set_results = @saved_cs_results */ ;
/*!50003 SET collation_connection  = @saved_col_connection */ ;
/*!50003 DROP PROCEDURE IF EXISTS `DELETE_PROFILE` */;
/*!50003 SET @saved_cs_client      = @@character_set_client */ ;
/*!50003 SET @saved_cs_results     = @@character_set_results */ ;
/*!50003 SET @saved_col_connection = @@collation_connection */ ;
/*!50003 SET character_set_client  = utf8mb4 */ ;
/*!50003 SET character_set_results = utf8mb4 */ ;
/*!50003 SET collation_connection  = utf8mb3_general_ci */ ;
/*!50003 SET @saved_sql_mode       = @@sql_mode */ ;
/*!50003 SET sql_mode              = 'NO_AUTO_VALUE_ON_ZERO' */ ;
DELIMITER ;;
CREATE DEFINER=`root`@`localhost` PROCEDURE `DELETE_PROFILE`(`p_id_profile` INT)
BEGIN
DELETE FROM profile
	WHERE id_profile = p_id_profile;
END ;;
DELIMITER ;
/*!50003 SET sql_mode              = @saved_sql_mode */ ;
/*!50003 SET character_set_client  = @saved_cs_client */ ;
/*!50003 SET character_set_results = @saved_cs_results */ ;
/*!50003 SET collation_connection  = @saved_col_connection */ ;
/*!50003 DROP PROCEDURE IF EXISTS `DELETE_PROM` */;
/*!50003 SET @saved_cs_client      = @@character_set_client */ ;
/*!50003 SET @saved_cs_results     = @@character_set_results */ ;
/*!50003 SET @saved_col_connection = @@collation_connection */ ;
/*!50003 SET character_set_client  = utf8mb4 */ ;
/*!50003 SET character_set_results = utf8mb4 */ ;
/*!50003 SET collation_connection  = utf8mb3_general_ci */ ;
/*!50003 SET @saved_sql_mode       = @@sql_mode */ ;
/*!50003 SET sql_mode              = 'NO_AUTO_VALUE_ON_ZERO' */ ;
DELIMITER ;;
CREATE DEFINER=`root`@`localhost` PROCEDURE `DELETE_PROM`(`p_id_prom` INT)
BEGIN
DELETE FROM prom
	WHERE id_prom = p_id_prom;
END ;;
DELIMITER ;
/*!50003 SET sql_mode              = @saved_sql_mode */ ;
/*!50003 SET character_set_client  = @saved_cs_client */ ;
/*!50003 SET character_set_results = @saved_cs_results */ ;
/*!50003 SET collation_connection  = @saved_col_connection */ ;
/*!50003 DROP PROCEDURE IF EXISTS `DELETE_ROLES` */;
/*!50003 SET @saved_cs_client      = @@character_set_client */ ;
/*!50003 SET @saved_cs_results     = @@character_set_results */ ;
/*!50003 SET @saved_col_connection = @@collation_connection */ ;
/*!50003 SET character_set_client  = utf8mb4 */ ;
/*!50003 SET character_set_results = utf8mb4 */ ;
/*!50003 SET collation_connection  = utf8mb3_general_ci */ ;
/*!50003 SET @saved_sql_mode       = @@sql_mode */ ;
/*!50003 SET sql_mode              = 'NO_AUTO_VALUE_ON_ZERO' */ ;
DELIMITER ;;
CREATE DEFINER=`root`@`localhost` PROCEDURE `DELETE_ROLES`(`p_id_roles` INT)
BEGIN
DELETE FROM roles
	WHERE id_roles = p_id_roles;

END ;;
DELIMITER ;
/*!50003 SET sql_mode              = @saved_sql_mode */ ;
/*!50003 SET character_set_client  = @saved_cs_client */ ;
/*!50003 SET character_set_results = @saved_cs_results */ ;
/*!50003 SET collation_connection  = @saved_col_connection */ ;
/*!50003 DROP PROCEDURE IF EXISTS `DELETE_SKILLS` */;
/*!50003 SET @saved_cs_client      = @@character_set_client */ ;
/*!50003 SET @saved_cs_results     = @@character_set_results */ ;
/*!50003 SET @saved_col_connection = @@collation_connection */ ;
/*!50003 SET character_set_client  = utf8mb4 */ ;
/*!50003 SET character_set_results = utf8mb4 */ ;
/*!50003 SET collation_connection  = utf8mb3_general_ci */ ;
/*!50003 SET @saved_sql_mode       = @@sql_mode */ ;
/*!50003 SET sql_mode              = 'NO_AUTO_VALUE_ON_ZERO' */ ;
DELIMITER ;;
CREATE DEFINER=`root`@`localhost` PROCEDURE `DELETE_SKILLS`(`p_id_skill` INT)
BEGIN
DELETE FROM skills
	WHERE id_skill = p_id_skill;
END ;;
DELIMITER ;
/*!50003 SET sql_mode              = @saved_sql_mode */ ;
/*!50003 SET character_set_client  = @saved_cs_client */ ;
/*!50003 SET character_set_results = @saved_cs_results */ ;
/*!50003 SET collation_connection  = @saved_col_connection */ ;
/*!50003 DROP PROCEDURE IF EXISTS `DELETE_WISH` */;
/*!50003 SET @saved_cs_client      = @@character_set_client */ ;
/*!50003 SET @saved_cs_results     = @@character_set_results */ ;
/*!50003 SET @saved_col_connection = @@collation_connection */ ;
/*!50003 SET character_set_client  = utf8mb4 */ ;
/*!50003 SET character_set_results = utf8mb4 */ ;
/*!50003 SET collation_connection  = utf8mb3_general_ci */ ;
/*!50003 SET @saved_sql_mode       = @@sql_mode */ ;
/*!50003 SET sql_mode              = 'NO_AUTO_VALUE_ON_ZERO' */ ;
DELIMITER ;;
CREATE DEFINER=`root`@`localhost` PROCEDURE `DELETE_WISH`(`p_id_profile` INT, `p_id_offer` INT)
BEGIN
delete from wish
where id_profile = p_id_profile and id_offer = p_id_offer;
END ;;
DELIMITER ;
/*!50003 SET sql_mode              = @saved_sql_mode */ ;
/*!50003 SET character_set_client  = @saved_cs_client */ ;
/*!50003 SET character_set_results = @saved_cs_results */ ;
/*!50003 SET collation_connection  = @saved_col_connection */ ;
/*!50003 DROP PROCEDURE IF EXISTS `DETAILS_COMPANY` */;
/*!50003 SET @saved_cs_client      = @@character_set_client */ ;
/*!50003 SET @saved_cs_results     = @@character_set_results */ ;
/*!50003 SET @saved_col_connection = @@collation_connection */ ;
/*!50003 SET character_set_client  = utf8mb4 */ ;
/*!50003 SET character_set_results = utf8mb4 */ ;
/*!50003 SET collation_connection  = utf8mb3_general_ci */ ;
/*!50003 SET @saved_sql_mode       = @@sql_mode */ ;
/*!50003 SET sql_mode              = 'NO_AUTO_VALUE_ON_ZERO' */ ;
DELIMITER ;;
CREATE DEFINER=`root`@`localhost` PROCEDURE `DETAILS_COMPANY`(`p_id_company` INT)
begin
	SELECT  company.id_company, company.name, company.link, IFNULL(cesi_accepted, 0) as cesi_accepted FROM company
    LEFT JOIN
	(SELECT localities.id_company, count(*) as cesi_accepted FROM candidature
	inner join offer on candidature.id_offer = offer.id_offer
	inner join postulate_progress_steps on postulate_progress_steps.id_progress_state = candidature.id_progress_state
	inner join localities on localities.id_localities = offer.id_localities
	left join company on company.id_company = localities.id_company
	WHERE postulate_progress_steps.name = "Acceptée" and localities.id_company = p_id_company
	GROUP BY localities.id_company) as CESICOUNT ON CESICOUNT.id_company = company.id_company
    WHERE company.id_company = p_id_company;
END ;;
DELIMITER ;
/*!50003 SET sql_mode              = @saved_sql_mode */ ;
/*!50003 SET character_set_client  = @saved_cs_client */ ;
/*!50003 SET character_set_results = @saved_cs_results */ ;
/*!50003 SET collation_connection  = @saved_col_connection */ ;
/*!50003 DROP PROCEDURE IF EXISTS `DETAILS_OFFER` */;
/*!50003 SET @saved_cs_client      = @@character_set_client */ ;
/*!50003 SET @saved_cs_results     = @@character_set_results */ ;
/*!50003 SET @saved_col_connection = @@collation_connection */ ;
/*!50003 SET character_set_client  = utf8mb4 */ ;
/*!50003 SET character_set_results = utf8mb4 */ ;
/*!50003 SET collation_connection  = utf8mb3_general_ci */ ;
/*!50003 SET @saved_sql_mode       = @@sql_mode */ ;
/*!50003 SET sql_mode              = 'NO_AUTO_VALUE_ON_ZERO' */ ;
DELIMITER ;;
CREATE DEFINER=`root`@`localhost` PROCEDURE `DETAILS_OFFER`(`p_id_offer` INT)
BEGIN
    select offer.name, offer.telephone, offer.contact_mail, offer.comment, offer.amount, company.name as company, company.link, city.name as city, city.zipcode, address.name as address, address.number, address.comment, activity.name as activity
    from offer
    inner join localities on offer.id_localities = localities.id_localities
    inner join company on localities.id_company = company.id_company
    inner join address on localities.id_address = address.id_address
    inner join city on address.id_city = city.id_city
    inner join activity on offer.id_activity = activity.id_activity
    where offer.id_offer = p_id_offer;
END ;;
DELIMITER ;
/*!50003 SET sql_mode              = @saved_sql_mode */ ;
/*!50003 SET character_set_client  = @saved_cs_client */ ;
/*!50003 SET character_set_results = @saved_cs_results */ ;
/*!50003 SET collation_connection  = @saved_col_connection */ ;
/*!50003 DROP PROCEDURE IF EXISTS `DETAILS_PILOTS` */;
/*!50003 SET @saved_cs_client      = @@character_set_client */ ;
/*!50003 SET @saved_cs_results     = @@character_set_results */ ;
/*!50003 SET @saved_col_connection = @@collation_connection */ ;
/*!50003 SET character_set_client  = utf8mb4 */ ;
/*!50003 SET character_set_results = utf8mb4 */ ;
/*!50003 SET collation_connection  = utf8mb3_general_ci */ ;
/*!50003 SET @saved_sql_mode       = @@sql_mode */ ;
/*!50003 SET sql_mode              = 'NO_AUTO_VALUE_ON_ZERO' */ ;
DELIMITER ;;
CREATE DEFINER=`root`@`localhost` PROCEDURE `DETAILS_PILOTS`(`p_id_profile` INT)
BEGIN
	select distinct id_profile, fname, lname, email, id_roles
	from view_pilots
	where id_profile = p_id_profile;
END ;;
DELIMITER ;
/*!50003 SET sql_mode              = @saved_sql_mode */ ;
/*!50003 SET character_set_client  = @saved_cs_client */ ;
/*!50003 SET character_set_results = @saved_cs_results */ ;
/*!50003 SET collation_connection  = @saved_col_connection */ ;
/*!50003 DROP PROCEDURE IF EXISTS `DETAILS_PROFILE` */;
/*!50003 SET @saved_cs_client      = @@character_set_client */ ;
/*!50003 SET @saved_cs_results     = @@character_set_results */ ;
/*!50003 SET @saved_col_connection = @@collation_connection */ ;
/*!50003 SET character_set_client  = utf8mb4 */ ;
/*!50003 SET character_set_results = utf8mb4 */ ;
/*!50003 SET collation_connection  = utf8mb3_general_ci */ ;
/*!50003 SET @saved_sql_mode       = @@sql_mode */ ;
/*!50003 SET sql_mode              = 'NO_AUTO_VALUE_ON_ZERO' */ ;
DELIMITER ;;
CREATE DEFINER=`root`@`localhost` PROCEDURE `DETAILS_PROFILE`(`p_id_profile` INT)
BEGIN
	SELECT profile.id_profile, profile.fname, profile.lname, roles.id_roles, roles.name as role, prom.id_prom, prom.name as promo, campus.id_campus, campus.name as campus, city.name as city
	FROM profile
	INNER JOIN affiliated ON profile.id_profile = affiliated.id_profile
	INNER JOIN prom ON affiliated.id_prom = prom.id_prom
	INNER JOIN campus ON prom.id_campus = campus.id_campus
	INNER JOIN address ON campus.id_address = address.id_address
	INNER JOIN city ON address.id_city = city.id_city
	inner join roles on profile.id_roles = roles.id_roles
	WHERE profile.id_profile = p_id_profile;
END ;;
DELIMITER ;
/*!50003 SET sql_mode              = @saved_sql_mode */ ;
/*!50003 SET character_set_client  = @saved_cs_client */ ;
/*!50003 SET character_set_results = @saved_cs_results */ ;
/*!50003 SET collation_connection  = @saved_col_connection */ ;
/*!50003 DROP PROCEDURE IF EXISTS `DETAILS_STUDENT` */;
/*!50003 SET @saved_cs_client      = @@character_set_client */ ;
/*!50003 SET @saved_cs_results     = @@character_set_results */ ;
/*!50003 SET @saved_col_connection = @@collation_connection */ ;
/*!50003 SET character_set_client  = utf8mb4 */ ;
/*!50003 SET character_set_results = utf8mb4 */ ;
/*!50003 SET collation_connection  = utf8mb4_0900_ai_ci */ ;
/*!50003 SET @saved_sql_mode       = @@sql_mode */ ;
/*!50003 SET sql_mode              = 'ONLY_FULL_GROUP_BY,STRICT_TRANS_TABLES,NO_ZERO_IN_DATE,NO_ZERO_DATE,ERROR_FOR_DIVISION_BY_ZERO,NO_ENGINE_SUBSTITUTION' */ ;
DELIMITER ;;
CREATE DEFINER=`root`@`localhost` PROCEDURE `DETAILS_STUDENT`(`p_id_profile` INT)
BEGIN
	SELECT distinct id_profile, fname, lname, id_person, id_prom, prom, email, accepted, id_roles
	FROM view_student
	WHERE id_profile = p_id_profile;
END ;;
DELIMITER ;
/*!50003 SET sql_mode              = @saved_sql_mode */ ;
/*!50003 SET character_set_client  = @saved_cs_client */ ;
/*!50003 SET character_set_results = @saved_cs_results */ ;
/*!50003 SET collation_connection  = @saved_col_connection */ ;
/*!50003 DROP PROCEDURE IF EXISTS `FIND_ACTIVITY` */;
/*!50003 SET @saved_cs_client      = @@character_set_client */ ;
/*!50003 SET @saved_cs_results     = @@character_set_results */ ;
/*!50003 SET @saved_col_connection = @@collation_connection */ ;
/*!50003 SET character_set_client  = utf8mb4 */ ;
/*!50003 SET character_set_results = utf8mb4 */ ;
/*!50003 SET collation_connection  = utf8mb3_general_ci */ ;
/*!50003 SET @saved_sql_mode       = @@sql_mode */ ;
/*!50003 SET sql_mode              = 'NO_AUTO_VALUE_ON_ZERO' */ ;
DELIMITER ;;
CREATE DEFINER=`root`@`localhost` PROCEDURE `FIND_ACTIVITY`(p_id_company INT)
BEGIN
	select activity.name
	from activity
		inner join sector on activity.id_activity = sector.id_activity
		inner join company on sector.id_company = company.id_company
	where company.id_company = p_id_company;
END ;;
DELIMITER ;
/*!50003 SET sql_mode              = @saved_sql_mode */ ;
/*!50003 SET character_set_client  = @saved_cs_client */ ;
/*!50003 SET character_set_results = @saved_cs_results */ ;
/*!50003 SET collation_connection  = @saved_col_connection */ ;
/*!50003 DROP PROCEDURE IF EXISTS `FIND_CANDIDATURE` */;
/*!50003 SET @saved_cs_client      = @@character_set_client */ ;
/*!50003 SET @saved_cs_results     = @@character_set_results */ ;
/*!50003 SET @saved_col_connection = @@collation_connection */ ;
/*!50003 SET character_set_client  = utf8mb4 */ ;
/*!50003 SET character_set_results = utf8mb4 */ ;
/*!50003 SET collation_connection  = utf8mb3_general_ci */ ;
/*!50003 SET @saved_sql_mode       = @@sql_mode */ ;
/*!50003 SET sql_mode              = 'NO_AUTO_VALUE_ON_ZERO' */ ;
DELIMITER ;;
CREATE DEFINER=`root`@`localhost` PROCEDURE `FIND_CANDIDATURE`(`p_id_profile` INT)
BEGIN
	SELECT distinct id_offer, offer, id_progress_state, state, startdate, company
	FROM view_student
	WHERE id_profile = p_id_profile;
END ;;
DELIMITER ;
/*!50003 SET sql_mode              = @saved_sql_mode */ ;
/*!50003 SET character_set_client  = @saved_cs_client */ ;
/*!50003 SET character_set_results = @saved_cs_results */ ;
/*!50003 SET collation_connection  = @saved_col_connection */ ;
/*!50003 DROP PROCEDURE IF EXISTS `FIND_LOCALITIES` */;
/*!50003 SET @saved_cs_client      = @@character_set_client */ ;
/*!50003 SET @saved_cs_results     = @@character_set_results */ ;
/*!50003 SET @saved_col_connection = @@collation_connection */ ;
/*!50003 SET character_set_client  = utf8mb4 */ ;
/*!50003 SET character_set_results = utf8mb4 */ ;
/*!50003 SET collation_connection  = utf8mb3_general_ci */ ;
/*!50003 SET @saved_sql_mode       = @@sql_mode */ ;
/*!50003 SET sql_mode              = 'NO_AUTO_VALUE_ON_ZERO' */ ;
DELIMITER ;;
CREATE DEFINER=`root`@`localhost` PROCEDURE `FIND_LOCALITIES`(`p_id_company` INT)
BEGIN
	select city.name as city, city.zipcode, address.name as street, address.number, address.comment
	from city
	inner join address on city.id_city = address.id_city
	inner join localities on address.id_address = localities.id_address
	inner join company on localities.id_company = company.id_company
	where company.id_company = p_id_company;
END ;;
DELIMITER ;
/*!50003 SET sql_mode              = @saved_sql_mode */ ;
/*!50003 SET character_set_client  = @saved_cs_client */ ;
/*!50003 SET character_set_results = @saved_cs_results */ ;
/*!50003 SET collation_connection  = @saved_col_connection */ ;
/*!50003 DROP PROCEDURE IF EXISTS `FIND_PROM` */;
/*!50003 SET @saved_cs_client      = @@character_set_client */ ;
/*!50003 SET @saved_cs_results     = @@character_set_results */ ;
/*!50003 SET @saved_col_connection = @@collation_connection */ ;
/*!50003 SET character_set_client  = utf8mb4 */ ;
/*!50003 SET character_set_results = utf8mb4 */ ;
/*!50003 SET collation_connection  = utf8mb3_general_ci */ ;
/*!50003 SET @saved_sql_mode       = @@sql_mode */ ;
/*!50003 SET sql_mode              = 'NO_AUTO_VALUE_ON_ZERO' */ ;
DELIMITER ;;
CREATE DEFINER=`root`@`localhost` PROCEDURE `FIND_PROM`(`p_id_profile` INT)
BEGIN
	select id_profile,id_roles,prom, student_count,id_campus, campus,id_address, address, number, comment, city
	from view_pilots
	where id_profile = p_id_profile;
END ;;
DELIMITER ;
/*!50003 SET sql_mode              = @saved_sql_mode */ ;
/*!50003 SET character_set_client  = @saved_cs_client */ ;
/*!50003 SET character_set_results = @saved_cs_results */ ;
/*!50003 SET collation_connection  = @saved_col_connection */ ;
/*!50003 DROP PROCEDURE IF EXISTS `FIND_SKILLS` */;
/*!50003 SET @saved_cs_client      = @@character_set_client */ ;
/*!50003 SET @saved_cs_results     = @@character_set_results */ ;
/*!50003 SET @saved_col_connection = @@collation_connection */ ;
/*!50003 SET character_set_client  = utf8mb4 */ ;
/*!50003 SET character_set_results = utf8mb4 */ ;
/*!50003 SET collation_connection  = utf8mb3_general_ci */ ;
/*!50003 SET @saved_sql_mode       = @@sql_mode */ ;
/*!50003 SET sql_mode              = 'NO_AUTO_VALUE_ON_ZERO' */ ;
DELIMITER ;;
CREATE DEFINER=`root`@`localhost` PROCEDURE `FIND_SKILLS`(p_id_offer INT)
BEGIN
select view_offer.id_offer, view_offer.name as offer, requires.id_skill, skills.name, requires.level
from view_offer
left join requires on view_offer.id_offer = requires.id_offer
left join skills on requires.id_skill = skills.id_skill
where view_offer.id_offer = p_id_offer;
END ;;
DELIMITER ;
/*!50003 SET sql_mode              = @saved_sql_mode */ ;
/*!50003 SET character_set_client  = @saved_cs_client */ ;
/*!50003 SET character_set_results = @saved_cs_results */ ;
/*!50003 SET collation_connection  = @saved_col_connection */ ;
/*!50003 DROP PROCEDURE IF EXISTS `FIND_WISH` */;
/*!50003 SET @saved_cs_client      = @@character_set_client */ ;
/*!50003 SET @saved_cs_results     = @@character_set_results */ ;
/*!50003 SET @saved_col_connection = @@collation_connection */ ;
/*!50003 SET character_set_client  = utf8mb4 */ ;
/*!50003 SET character_set_results = utf8mb4 */ ;
/*!50003 SET collation_connection  = utf8mb3_general_ci */ ;
/*!50003 SET @saved_sql_mode       = @@sql_mode */ ;
/*!50003 SET sql_mode              = 'NO_AUTO_VALUE_ON_ZERO' */ ;
DELIMITER ;;
CREATE DEFINER=`root`@`localhost` PROCEDURE `FIND_WISH`(`p_id_profile` INT)
BEGIN
	SELECT wish.id_offer, name, company, city, zipcode
	FROM profile
		LEFT JOIN wish ON profile.id_profile = wish.id_profile
		LEFT JOIN view_offer ON view_offer.id_offer = wish.id_offer
	where profile.id_profile = p_id_profile;
END ;;
DELIMITER ;
/*!50003 SET sql_mode              = @saved_sql_mode */ ;
/*!50003 SET character_set_client  = @saved_cs_client */ ;
/*!50003 SET character_set_results = @saved_cs_results */ ;
/*!50003 SET collation_connection  = @saved_col_connection */ ;
/*!50003 DROP PROCEDURE IF EXISTS `SEARCH_ACTIVITY` */;
/*!50003 SET @saved_cs_client      = @@character_set_client */ ;
/*!50003 SET @saved_cs_results     = @@character_set_results */ ;
/*!50003 SET @saved_col_connection = @@collation_connection */ ;
/*!50003 SET character_set_client  = utf8mb4 */ ;
/*!50003 SET character_set_results = utf8mb4 */ ;
/*!50003 SET collation_connection  = utf8mb3_general_ci */ ;
/*!50003 SET @saved_sql_mode       = @@sql_mode */ ;
/*!50003 SET sql_mode              = 'NO_AUTO_VALUE_ON_ZERO' */ ;
DELIMITER ;;
CREATE DEFINER=`root`@`localhost` PROCEDURE `SEARCH_ACTIVITY`(`p_id_company` INT)
BEGIN
	select activity.name
	from activity
		inner join sector on activity.id_activity = sector.id_activity
		inner join company on sector.id_company = company.id_company
	where company.id_company = p_id_company;
END ;;
DELIMITER ;
/*!50003 SET sql_mode              = @saved_sql_mode */ ;
/*!50003 SET character_set_client  = @saved_cs_client */ ;
/*!50003 SET character_set_results = @saved_cs_results */ ;
/*!50003 SET collation_connection  = @saved_col_connection */ ;
/*!50003 DROP PROCEDURE IF EXISTS `SEARCH_COMPANY` */;
/*!50003 SET @saved_cs_client      = @@character_set_client */ ;
/*!50003 SET @saved_cs_results     = @@character_set_results */ ;
/*!50003 SET @saved_col_connection = @@collation_connection */ ;
/*!50003 SET character_set_client  = utf8mb4 */ ;
/*!50003 SET character_set_results = utf8mb4 */ ;
/*!50003 SET collation_connection  = utf8mb3_general_ci */ ;
/*!50003 SET @saved_sql_mode       = @@sql_mode */ ;
/*!50003 SET sql_mode              = 'NO_AUTO_VALUE_ON_ZERO' */ ;
DELIMITER ;;
CREATE DEFINER=`root`@`localhost` PROCEDURE `SEARCH_COMPANY`()
BEGIN
SELECT  company.id_company, company.name, company.link, IFNULL(cesi_accepted, 0) as cesi_accepted FROM company
    LEFT JOIN
	(SELECT localities.id_company, count(*) as cesi_accepted FROM candidature
	inner join offer on candidature.id_offer = offer.id_offer
	inner join postulate_progress_steps on postulate_progress_steps.id_progress_state = candidature.id_progress_state
	inner join localities on localities.id_localities = offer.id_localities
	left join company on company.id_company = localities.id_company
	WHERE postulate_progress_steps.name = "Acceptée"
	GROUP BY localities.id_company) as CESICOUNT ON CESICOUNT.id_company = company.id_company;
END ;;
DELIMITER ;
/*!50003 SET sql_mode              = @saved_sql_mode */ ;
/*!50003 SET character_set_client  = @saved_cs_client */ ;
/*!50003 SET character_set_results = @saved_cs_results */ ;
/*!50003 SET collation_connection  = @saved_col_connection */ ;
/*!50003 DROP PROCEDURE IF EXISTS `SEARCH_FIRM` */;
/*!50003 SET @saved_cs_client      = @@character_set_client */ ;
/*!50003 SET @saved_cs_results     = @@character_set_results */ ;
/*!50003 SET @saved_col_connection = @@collation_connection */ ;
/*!50003 SET character_set_client  = utf8mb4 */ ;
/*!50003 SET character_set_results = utf8mb4 */ ;
/*!50003 SET collation_connection  = utf8mb3_general_ci */ ;
/*!50003 SET @saved_sql_mode       = @@sql_mode */ ;
/*!50003 SET sql_mode              = 'NO_AUTO_VALUE_ON_ZERO' */ ;
DELIMITER ;;
CREATE DEFINER=`root`@`localhost` PROCEDURE `SEARCH_FIRM`(`p_id_company` INT)
BEGIN
select company.name, COUNT(candidature.id_progress_state) as 'recu'
from candidature 
inner join postulate_progress_steps as p on candidature.id_progress_state = p.id_progress_state 
inner join offer on candidature.id_offer = offer.id_offer
inner join localities on offer.id_localities = localities.id_localities 
inner join company on localities.id_company = company.id_company
WHERE p.name ='Acceptée' and company.id_company = p_id_company;
END ;;
DELIMITER ;
/*!50003 SET sql_mode              = @saved_sql_mode */ ;
/*!50003 SET character_set_client  = @saved_cs_client */ ;
/*!50003 SET character_set_results = @saved_cs_results */ ;
/*!50003 SET collation_connection  = @saved_col_connection */ ;
/*!50003 DROP PROCEDURE IF EXISTS `SEARCH_LOCALITIES` */;
/*!50003 SET @saved_cs_client      = @@character_set_client */ ;
/*!50003 SET @saved_cs_results     = @@character_set_results */ ;
/*!50003 SET @saved_col_connection = @@collation_connection */ ;
/*!50003 SET character_set_client  = utf8mb4 */ ;
/*!50003 SET character_set_results = utf8mb4 */ ;
/*!50003 SET collation_connection  = utf8mb3_general_ci */ ;
/*!50003 SET @saved_sql_mode       = @@sql_mode */ ;
/*!50003 SET sql_mode              = 'NO_AUTO_VALUE_ON_ZERO' */ ;
DELIMITER ;;
CREATE DEFINER=`root`@`localhost` PROCEDURE `SEARCH_LOCALITIES`(`p_id_company` INT)
BEGIN
select city.name as city, city.zipcode, address.name as street, address.number, address.comment
from city
inner join address on city.id_city = address.id_city
inner join localities on address.id_address = localities.id_address
inner join company on localities.id_company = company.id_company
where company.id_company = p_id_company;
END ;;
DELIMITER ;
/*!50003 SET sql_mode              = @saved_sql_mode */ ;
/*!50003 SET character_set_client  = @saved_cs_client */ ;
/*!50003 SET character_set_results = @saved_cs_results */ ;
/*!50003 SET collation_connection  = @saved_col_connection */ ;
/*!50003 DROP PROCEDURE IF EXISTS `SEARCH_OFFER` */;
/*!50003 SET @saved_cs_client      = @@character_set_client */ ;
/*!50003 SET @saved_cs_results     = @@character_set_results */ ;
/*!50003 SET @saved_col_connection = @@collation_connection */ ;
/*!50003 SET character_set_client  = utf8mb4 */ ;
/*!50003 SET character_set_results = utf8mb4 */ ;
/*!50003 SET collation_connection  = utf8mb3_general_ci */ ;
/*!50003 SET @saved_sql_mode       = @@sql_mode */ ;
/*!50003 SET sql_mode              = 'NO_AUTO_VALUE_ON_ZERO' */ ;
DELIMITER ;;
CREATE DEFINER=`root`@`localhost` PROCEDURE `SEARCH_OFFER`()
BEGIN
	select * from view_offer;
END ;;
DELIMITER ;
/*!50003 SET sql_mode              = @saved_sql_mode */ ;
/*!50003 SET character_set_client  = @saved_cs_client */ ;
/*!50003 SET character_set_results = @saved_cs_results */ ;
/*!50003 SET collation_connection  = @saved_col_connection */ ;
/*!50003 DROP PROCEDURE IF EXISTS `SEARCH_PILOTS` */;
/*!50003 SET @saved_cs_client      = @@character_set_client */ ;
/*!50003 SET @saved_cs_results     = @@character_set_results */ ;
/*!50003 SET @saved_col_connection = @@collation_connection */ ;
/*!50003 SET character_set_client  = utf8mb4 */ ;
/*!50003 SET character_set_results = utf8mb4 */ ;
/*!50003 SET collation_connection  = utf8mb3_general_ci */ ;
/*!50003 SET @saved_sql_mode       = @@sql_mode */ ;
/*!50003 SET sql_mode              = 'NO_AUTO_VALUE_ON_ZERO' */ ;
DELIMITER ;;
CREATE DEFINER=`root`@`localhost` PROCEDURE `SEARCH_PILOTS`()
BEGIN
	select distinct id_profile, fname, lname, email, id_roles, photo
	from view_pilots;
END ;;
DELIMITER ;
/*!50003 SET sql_mode              = @saved_sql_mode */ ;
/*!50003 SET character_set_client  = @saved_cs_client */ ;
/*!50003 SET character_set_results = @saved_cs_results */ ;
/*!50003 SET collation_connection  = @saved_col_connection */ ;
/*!50003 DROP PROCEDURE IF EXISTS `SEARCH_PROFILE` */;
/*!50003 SET @saved_cs_client      = @@character_set_client */ ;
/*!50003 SET @saved_cs_results     = @@character_set_results */ ;
/*!50003 SET @saved_col_connection = @@collation_connection */ ;
/*!50003 SET character_set_client  = utf8mb4 */ ;
/*!50003 SET character_set_results = utf8mb4 */ ;
/*!50003 SET collation_connection  = utf8mb3_general_ci */ ;
/*!50003 SET @saved_sql_mode       = @@sql_mode */ ;
/*!50003 SET sql_mode              = 'NO_AUTO_VALUE_ON_ZERO' */ ;
DELIMITER ;;
CREATE DEFINER=`root`@`localhost` PROCEDURE `SEARCH_PROFILE`()
BEGIN
SELECT profile.id_profile, profile.fname, profile.lname, person.id_person, person.email, prom.id_prom, prom.name as prom, if(accepted.cnt is null, 'n', 'y') as accepted FROM profile
    left join affiliated on profile.id_profile = affiliated.id_profile
    left join prom on affiliated.id_prom = prom.id_prom
    left join person on profile.id_profile = person.id_profile
    LEFT JOIN (
        select profile.id_profile, count(candidature.id_progress_state) as cnt from profile
            inner join candidature on candidature.id_profile = profile.id_profile
        where candidature.id_progress_state = 6
        group by profile.id_profile)
            as accepted on accepted.id_profile = profile.id_profile;
END ;;
DELIMITER ;
/*!50003 SET sql_mode              = @saved_sql_mode */ ;
/*!50003 SET character_set_client  = @saved_cs_client */ ;
/*!50003 SET character_set_results = @saved_cs_results */ ;
/*!50003 SET collation_connection  = @saved_col_connection */ ;
/*!50003 DROP PROCEDURE IF EXISTS `SEARCH_PROM` */;
/*!50003 SET @saved_cs_client      = @@character_set_client */ ;
/*!50003 SET @saved_cs_results     = @@character_set_results */ ;
/*!50003 SET @saved_col_connection = @@collation_connection */ ;
/*!50003 SET character_set_client  = utf8mb4 */ ;
/*!50003 SET character_set_results = utf8mb4 */ ;
/*!50003 SET collation_connection  = utf8mb3_general_ci */ ;
/*!50003 SET @saved_sql_mode       = @@sql_mode */ ;
/*!50003 SET sql_mode              = 'NO_AUTO_VALUE_ON_ZERO' */ ;
DELIMITER ;;
CREATE DEFINER=`root`@`localhost` PROCEDURE `SEARCH_PROM`(`p_id_profile` INT)
BEGIN
select prom.id_prom,prom.name,campus.id_campus,campus.name as campus,address.id_address
from prom
inner join affiliated on prom.id_prom = affiliated.id_prom
inner join campus on prom.id_campus = campus.id_campus
inner join address on campus.id_address = address.id_address
where affiliated.id_profile = p_id_profile;
END ;;
DELIMITER ;
/*!50003 SET sql_mode              = @saved_sql_mode */ ;
/*!50003 SET character_set_client  = @saved_cs_client */ ;
/*!50003 SET character_set_results = @saved_cs_results */ ;
/*!50003 SET collation_connection  = @saved_col_connection */ ;
/*!50003 DROP PROCEDURE IF EXISTS `SEARCH_RATE` */;
/*!50003 SET @saved_cs_client      = @@character_set_client */ ;
/*!50003 SET @saved_cs_results     = @@character_set_results */ ;
/*!50003 SET @saved_col_connection = @@collation_connection */ ;
/*!50003 SET character_set_client  = utf8mb4 */ ;
/*!50003 SET character_set_results = utf8mb4 */ ;
/*!50003 SET collation_connection  = utf8mb3_general_ci */ ;
/*!50003 SET @saved_sql_mode       = @@sql_mode */ ;
/*!50003 SET sql_mode              = 'NO_AUTO_VALUE_ON_ZERO' */ ;
DELIMITER ;;
CREATE DEFINER=`root`@`localhost` PROCEDURE `SEARCH_RATE`(`p_id_company` INT)
BEGIN
	select rate.comment, rate.rating
	from rate
	inner join company on rate.id_company = company.id_company
	where company.id_company = p_id_company;
END ;;
DELIMITER ;
/*!50003 SET sql_mode              = @saved_sql_mode */ ;
/*!50003 SET character_set_client  = @saved_cs_client */ ;
/*!50003 SET character_set_results = @saved_cs_results */ ;
/*!50003 SET collation_connection  = @saved_col_connection */ ;
/*!50003 DROP PROCEDURE IF EXISTS `SEARCH_SKILL` */;
/*!50003 SET @saved_cs_client      = @@character_set_client */ ;
/*!50003 SET @saved_cs_results     = @@character_set_results */ ;
/*!50003 SET @saved_col_connection = @@collation_connection */ ;
/*!50003 SET character_set_client  = utf8mb4 */ ;
/*!50003 SET character_set_results = utf8mb4 */ ;
/*!50003 SET collation_connection  = utf8mb3_general_ci */ ;
/*!50003 SET @saved_sql_mode       = @@sql_mode */ ;
/*!50003 SET sql_mode              = 'NO_AUTO_VALUE_ON_ZERO' */ ;
DELIMITER ;;
CREATE DEFINER=`root`@`localhost` PROCEDURE `SEARCH_SKILL`(`p_id_offer` INT)
BEGIN
select skills.name 
from skills
inner join requires on skills.id_skill = requires.id_skill
where requires.id_offer = p_id_offer;
END ;;
DELIMITER ;
/*!50003 SET sql_mode              = @saved_sql_mode */ ;
/*!50003 SET character_set_client  = @saved_cs_client */ ;
/*!50003 SET character_set_results = @saved_cs_results */ ;
/*!50003 SET collation_connection  = @saved_col_connection */ ;
/*!50003 DROP PROCEDURE IF EXISTS `SEARCH_SKILLS` */;
/*!50003 SET @saved_cs_client      = @@character_set_client */ ;
/*!50003 SET @saved_cs_results     = @@character_set_results */ ;
/*!50003 SET @saved_col_connection = @@collation_connection */ ;
/*!50003 SET character_set_client  = utf8mb4 */ ;
/*!50003 SET character_set_results = utf8mb4 */ ;
/*!50003 SET collation_connection  = utf8mb3_general_ci */ ;
/*!50003 SET @saved_sql_mode       = @@sql_mode */ ;
/*!50003 SET sql_mode              = 'NO_AUTO_VALUE_ON_ZERO' */ ;
DELIMITER ;;
CREATE DEFINER=`root`@`localhost` PROCEDURE `SEARCH_SKILLS`(`p_id_offer` INT)
BEGIN
	select skills.name
	from skills
	inner join requires on skills.id_skill = requires.id_skill
	where requires.id_offer = p_id_offer;
END ;;
DELIMITER ;
/*!50003 SET sql_mode              = @saved_sql_mode */ ;
/*!50003 SET character_set_client  = @saved_cs_client */ ;
/*!50003 SET character_set_results = @saved_cs_results */ ;
/*!50003 SET collation_connection  = @saved_col_connection */ ;
/*!50003 DROP PROCEDURE IF EXISTS `SEARCH_STUDENT` */;
/*!50003 SET @saved_cs_client      = @@character_set_client */ ;
/*!50003 SET @saved_cs_results     = @@character_set_results */ ;
/*!50003 SET @saved_col_connection = @@collation_connection */ ;
/*!50003 SET character_set_client  = utf8mb4 */ ;
/*!50003 SET character_set_results = utf8mb4 */ ;
/*!50003 SET collation_connection  = utf8mb3_general_ci */ ;
/*!50003 SET @saved_sql_mode       = @@sql_mode */ ;
/*!50003 SET sql_mode              = 'NO_AUTO_VALUE_ON_ZERO' */ ;
DELIMITER ;;
CREATE DEFINER=`root`@`localhost` PROCEDURE `SEARCH_STUDENT`()
BEGIN
	SELECT id_profile, fname, lname, id_person, prom, email, accepted, id_roles, photo
	FROM view_student
    group by id_profile;
END ;;
DELIMITER ;
/*!50003 SET sql_mode              = @saved_sql_mode */ ;
/*!50003 SET character_set_client  = @saved_cs_client */ ;
/*!50003 SET character_set_results = @saved_cs_results */ ;
/*!50003 SET collation_connection  = @saved_col_connection */ ;
/*!50003 DROP PROCEDURE IF EXISTS `SELECT` */;
/*!50003 SET @saved_cs_client      = @@character_set_client */ ;
/*!50003 SET @saved_cs_results     = @@character_set_results */ ;
/*!50003 SET @saved_col_connection = @@collation_connection */ ;
/*!50003 SET character_set_client  = utf8mb4 */ ;
/*!50003 SET character_set_results = utf8mb4 */ ;
/*!50003 SET collation_connection  = utf8mb3_general_ci */ ;
/*!50003 SET @saved_sql_mode       = @@sql_mode */ ;
/*!50003 SET sql_mode              = 'NO_AUTO_VALUE_ON_ZERO' */ ;
DELIMITER ;;
CREATE DEFINER=`root`@`localhost` PROCEDURE `SELECT`(`p_table` VARCHAR(255))
BEGIN
select * from p_table;
END ;;
DELIMITER ;
/*!50003 SET sql_mode              = @saved_sql_mode */ ;
/*!50003 SET character_set_client  = @saved_cs_client */ ;
/*!50003 SET character_set_results = @saved_cs_results */ ;
/*!50003 SET collation_connection  = @saved_col_connection */ ;
/*!50003 DROP PROCEDURE IF EXISTS `SELECT_ACTIVITY` */;
/*!50003 SET @saved_cs_client      = @@character_set_client */ ;
/*!50003 SET @saved_cs_results     = @@character_set_results */ ;
/*!50003 SET @saved_col_connection = @@collation_connection */ ;
/*!50003 SET character_set_client  = utf8mb4 */ ;
/*!50003 SET character_set_results = utf8mb4 */ ;
/*!50003 SET collation_connection  = utf8mb3_general_ci */ ;
/*!50003 SET @saved_sql_mode       = @@sql_mode */ ;
/*!50003 SET sql_mode              = 'NO_AUTO_VALUE_ON_ZERO' */ ;
DELIMITER ;;
CREATE DEFINER=`root`@`localhost` PROCEDURE `SELECT_ACTIVITY`()
BEGIN
	select * from activity;
END ;;
DELIMITER ;
/*!50003 SET sql_mode              = @saved_sql_mode */ ;
/*!50003 SET character_set_client  = @saved_cs_client */ ;
/*!50003 SET character_set_results = @saved_cs_results */ ;
/*!50003 SET collation_connection  = @saved_col_connection */ ;
/*!50003 DROP PROCEDURE IF EXISTS `SELECT_ADDRESS` */;
/*!50003 SET @saved_cs_client      = @@character_set_client */ ;
/*!50003 SET @saved_cs_results     = @@character_set_results */ ;
/*!50003 SET @saved_col_connection = @@collation_connection */ ;
/*!50003 SET character_set_client  = utf8mb4 */ ;
/*!50003 SET character_set_results = utf8mb4 */ ;
/*!50003 SET collation_connection  = utf8mb3_general_ci */ ;
/*!50003 SET @saved_sql_mode       = @@sql_mode */ ;
/*!50003 SET sql_mode              = 'NO_AUTO_VALUE_ON_ZERO' */ ;
DELIMITER ;;
CREATE DEFINER=`root`@`localhost` PROCEDURE `SELECT_ADDRESS`()
BEGIN
	select * from address;
END ;;
DELIMITER ;
/*!50003 SET sql_mode              = @saved_sql_mode */ ;
/*!50003 SET character_set_client  = @saved_cs_client */ ;
/*!50003 SET character_set_results = @saved_cs_results */ ;
/*!50003 SET collation_connection  = @saved_col_connection */ ;
/*!50003 DROP PROCEDURE IF EXISTS `SELECT_CAMPUS` */;
/*!50003 SET @saved_cs_client      = @@character_set_client */ ;
/*!50003 SET @saved_cs_results     = @@character_set_results */ ;
/*!50003 SET @saved_col_connection = @@collation_connection */ ;
/*!50003 SET character_set_client  = utf8mb4 */ ;
/*!50003 SET character_set_results = utf8mb4 */ ;
/*!50003 SET collation_connection  = utf8mb3_general_ci */ ;
/*!50003 SET @saved_sql_mode       = @@sql_mode */ ;
/*!50003 SET sql_mode              = 'NO_AUTO_VALUE_ON_ZERO' */ ;
DELIMITER ;;
CREATE DEFINER=`root`@`localhost` PROCEDURE `SELECT_CAMPUS`()
BEGIN
	select * from campus;
END ;;
DELIMITER ;
/*!50003 SET sql_mode              = @saved_sql_mode */ ;
/*!50003 SET character_set_client  = @saved_cs_client */ ;
/*!50003 SET character_set_results = @saved_cs_results */ ;
/*!50003 SET collation_connection  = @saved_col_connection */ ;
/*!50003 DROP PROCEDURE IF EXISTS `SELECT_CANDIDATURE` */;
/*!50003 SET @saved_cs_client      = @@character_set_client */ ;
/*!50003 SET @saved_cs_results     = @@character_set_results */ ;
/*!50003 SET @saved_col_connection = @@collation_connection */ ;
/*!50003 SET character_set_client  = utf8mb4 */ ;
/*!50003 SET character_set_results = utf8mb4 */ ;
/*!50003 SET collation_connection  = utf8mb3_general_ci */ ;
/*!50003 SET @saved_sql_mode       = @@sql_mode */ ;
/*!50003 SET sql_mode              = 'NO_AUTO_VALUE_ON_ZERO' */ ;
DELIMITER ;;
CREATE DEFINER=`root`@`localhost` PROCEDURE `SELECT_CANDIDATURE`()
BEGIN
	select * from candidature;
END ;;
DELIMITER ;
/*!50003 SET sql_mode              = @saved_sql_mode */ ;
/*!50003 SET character_set_client  = @saved_cs_client */ ;
/*!50003 SET character_set_results = @saved_cs_results */ ;
/*!50003 SET collation_connection  = @saved_col_connection */ ;
/*!50003 DROP PROCEDURE IF EXISTS `SELECT_CITY` */;
/*!50003 SET @saved_cs_client      = @@character_set_client */ ;
/*!50003 SET @saved_cs_results     = @@character_set_results */ ;
/*!50003 SET @saved_col_connection = @@collation_connection */ ;
/*!50003 SET character_set_client  = utf8mb4 */ ;
/*!50003 SET character_set_results = utf8mb4 */ ;
/*!50003 SET collation_connection  = utf8mb3_general_ci */ ;
/*!50003 SET @saved_sql_mode       = @@sql_mode */ ;
/*!50003 SET sql_mode              = 'NO_AUTO_VALUE_ON_ZERO' */ ;
DELIMITER ;;
CREATE DEFINER=`root`@`localhost` PROCEDURE `SELECT_CITY`()
BEGIN
	select * from city;
END ;;
DELIMITER ;
/*!50003 SET sql_mode              = @saved_sql_mode */ ;
/*!50003 SET character_set_client  = @saved_cs_client */ ;
/*!50003 SET character_set_results = @saved_cs_results */ ;
/*!50003 SET collation_connection  = @saved_col_connection */ ;
/*!50003 DROP PROCEDURE IF EXISTS `SELECT_COMPANY` */;
/*!50003 SET @saved_cs_client      = @@character_set_client */ ;
/*!50003 SET @saved_cs_results     = @@character_set_results */ ;
/*!50003 SET @saved_col_connection = @@collation_connection */ ;
/*!50003 SET character_set_client  = utf8mb4 */ ;
/*!50003 SET character_set_results = utf8mb4 */ ;
/*!50003 SET collation_connection  = utf8mb3_general_ci */ ;
/*!50003 SET @saved_sql_mode       = @@sql_mode */ ;
/*!50003 SET sql_mode              = 'NO_AUTO_VALUE_ON_ZERO' */ ;
DELIMITER ;;
CREATE DEFINER=`root`@`localhost` PROCEDURE `SELECT_COMPANY`()
BEGIN
	select * from company;
END ;;
DELIMITER ;
/*!50003 SET sql_mode              = @saved_sql_mode */ ;
/*!50003 SET character_set_client  = @saved_cs_client */ ;
/*!50003 SET character_set_results = @saved_cs_results */ ;
/*!50003 SET collation_connection  = @saved_col_connection */ ;
/*!50003 DROP PROCEDURE IF EXISTS `SELECT_OFFER` */;
/*!50003 SET @saved_cs_client      = @@character_set_client */ ;
/*!50003 SET @saved_cs_results     = @@character_set_results */ ;
/*!50003 SET @saved_col_connection = @@collation_connection */ ;
/*!50003 SET character_set_client  = utf8mb4 */ ;
/*!50003 SET character_set_results = utf8mb4 */ ;
/*!50003 SET collation_connection  = utf8mb3_general_ci */ ;
/*!50003 SET @saved_sql_mode       = @@sql_mode */ ;
/*!50003 SET sql_mode              = 'NO_AUTO_VALUE_ON_ZERO' */ ;
DELIMITER ;;
CREATE DEFINER=`root`@`localhost` PROCEDURE `SELECT_OFFER`()
BEGIN
	select * from offer;
END ;;
DELIMITER ;
/*!50003 SET sql_mode              = @saved_sql_mode */ ;
/*!50003 SET character_set_client  = @saved_cs_client */ ;
/*!50003 SET character_set_results = @saved_cs_results */ ;
/*!50003 SET collation_connection  = @saved_col_connection */ ;
/*!50003 DROP PROCEDURE IF EXISTS `SELECT_PERSON` */;
/*!50003 SET @saved_cs_client      = @@character_set_client */ ;
/*!50003 SET @saved_cs_results     = @@character_set_results */ ;
/*!50003 SET @saved_col_connection = @@collation_connection */ ;
/*!50003 SET character_set_client  = utf8mb4 */ ;
/*!50003 SET character_set_results = utf8mb4 */ ;
/*!50003 SET collation_connection  = utf8mb3_general_ci */ ;
/*!50003 SET @saved_sql_mode       = @@sql_mode */ ;
/*!50003 SET sql_mode              = 'NO_AUTO_VALUE_ON_ZERO' */ ;
DELIMITER ;;
CREATE DEFINER=`root`@`localhost` PROCEDURE `SELECT_PERSON`()
BEGIN
	select * from person;
END ;;
DELIMITER ;
/*!50003 SET sql_mode              = @saved_sql_mode */ ;
/*!50003 SET character_set_client  = @saved_cs_client */ ;
/*!50003 SET character_set_results = @saved_cs_results */ ;
/*!50003 SET collation_connection  = @saved_col_connection */ ;
/*!50003 DROP PROCEDURE IF EXISTS `SELECT_POSTULATE` */;
/*!50003 SET @saved_cs_client      = @@character_set_client */ ;
/*!50003 SET @saved_cs_results     = @@character_set_results */ ;
/*!50003 SET @saved_col_connection = @@collation_connection */ ;
/*!50003 SET character_set_client  = utf8mb4 */ ;
/*!50003 SET character_set_results = utf8mb4 */ ;
/*!50003 SET collation_connection  = utf8mb3_general_ci */ ;
/*!50003 SET @saved_sql_mode       = @@sql_mode */ ;
/*!50003 SET sql_mode              = 'NO_AUTO_VALUE_ON_ZERO' */ ;
DELIMITER ;;
CREATE DEFINER=`root`@`localhost` PROCEDURE `SELECT_POSTULATE`()
BEGIN
select * from postulate_progress_steps;
END ;;
DELIMITER ;
/*!50003 SET sql_mode              = @saved_sql_mode */ ;
/*!50003 SET character_set_client  = @saved_cs_client */ ;
/*!50003 SET character_set_results = @saved_cs_results */ ;
/*!50003 SET collation_connection  = @saved_col_connection */ ;
/*!50003 DROP PROCEDURE IF EXISTS `SELECT_POSTULATE_PROGRESS_STEPS` */;
/*!50003 SET @saved_cs_client      = @@character_set_client */ ;
/*!50003 SET @saved_cs_results     = @@character_set_results */ ;
/*!50003 SET @saved_col_connection = @@collation_connection */ ;
/*!50003 SET character_set_client  = utf8mb4 */ ;
/*!50003 SET character_set_results = utf8mb4 */ ;
/*!50003 SET collation_connection  = utf8mb3_general_ci */ ;
/*!50003 SET @saved_sql_mode       = @@sql_mode */ ;
/*!50003 SET sql_mode              = 'NO_AUTO_VALUE_ON_ZERO' */ ;
DELIMITER ;;
CREATE DEFINER=`root`@`localhost` PROCEDURE `SELECT_POSTULATE_PROGRESS_STEPS`()
BEGIN
	select * from postulate_progress_steps;
END ;;
DELIMITER ;
/*!50003 SET sql_mode              = @saved_sql_mode */ ;
/*!50003 SET character_set_client  = @saved_cs_client */ ;
/*!50003 SET character_set_results = @saved_cs_results */ ;
/*!50003 SET collation_connection  = @saved_col_connection */ ;
/*!50003 DROP PROCEDURE IF EXISTS `SELECT_PROFILE` */;
/*!50003 SET @saved_cs_client      = @@character_set_client */ ;
/*!50003 SET @saved_cs_results     = @@character_set_results */ ;
/*!50003 SET @saved_col_connection = @@collation_connection */ ;
/*!50003 SET character_set_client  = utf8mb4 */ ;
/*!50003 SET character_set_results = utf8mb4 */ ;
/*!50003 SET collation_connection  = utf8mb3_general_ci */ ;
/*!50003 SET @saved_sql_mode       = @@sql_mode */ ;
/*!50003 SET sql_mode              = 'NO_AUTO_VALUE_ON_ZERO' */ ;
DELIMITER ;;
CREATE DEFINER=`root`@`localhost` PROCEDURE `SELECT_PROFILE`()
BEGIN
	select * from profile;
END ;;
DELIMITER ;
/*!50003 SET sql_mode              = @saved_sql_mode */ ;
/*!50003 SET character_set_client  = @saved_cs_client */ ;
/*!50003 SET character_set_results = @saved_cs_results */ ;
/*!50003 SET collation_connection  = @saved_col_connection */ ;
/*!50003 DROP PROCEDURE IF EXISTS `SELECT_PROM` */;
/*!50003 SET @saved_cs_client      = @@character_set_client */ ;
/*!50003 SET @saved_cs_results     = @@character_set_results */ ;
/*!50003 SET @saved_col_connection = @@collation_connection */ ;
/*!50003 SET character_set_client  = utf8mb4 */ ;
/*!50003 SET character_set_results = utf8mb4 */ ;
/*!50003 SET collation_connection  = utf8mb3_general_ci */ ;
/*!50003 SET @saved_sql_mode       = @@sql_mode */ ;
/*!50003 SET sql_mode              = 'NO_AUTO_VALUE_ON_ZERO' */ ;
DELIMITER ;;
CREATE DEFINER=`root`@`localhost` PROCEDURE `SELECT_PROM`()
BEGIN
	select * from prom;
END ;;
DELIMITER ;
/*!50003 SET sql_mode              = @saved_sql_mode */ ;
/*!50003 SET character_set_client  = @saved_cs_client */ ;
/*!50003 SET character_set_results = @saved_cs_results */ ;
/*!50003 SET collation_connection  = @saved_col_connection */ ;
/*!50003 DROP PROCEDURE IF EXISTS `SELECT_RATE` */;
/*!50003 SET @saved_cs_client      = @@character_set_client */ ;
/*!50003 SET @saved_cs_results     = @@character_set_results */ ;
/*!50003 SET @saved_col_connection = @@collation_connection */ ;
/*!50003 SET character_set_client  = utf8mb4 */ ;
/*!50003 SET character_set_results = utf8mb4 */ ;
/*!50003 SET collation_connection  = utf8mb3_general_ci */ ;
/*!50003 SET @saved_sql_mode       = @@sql_mode */ ;
/*!50003 SET sql_mode              = 'NO_AUTO_VALUE_ON_ZERO' */ ;
DELIMITER ;;
CREATE DEFINER=`root`@`localhost` PROCEDURE `SELECT_RATE`()
BEGIN
	select * from rate;
END ;;
DELIMITER ;
/*!50003 SET sql_mode              = @saved_sql_mode */ ;
/*!50003 SET character_set_client  = @saved_cs_client */ ;
/*!50003 SET character_set_results = @saved_cs_results */ ;
/*!50003 SET collation_connection  = @saved_col_connection */ ;
/*!50003 DROP PROCEDURE IF EXISTS `SELECT_ROLES` */;
/*!50003 SET @saved_cs_client      = @@character_set_client */ ;
/*!50003 SET @saved_cs_results     = @@character_set_results */ ;
/*!50003 SET @saved_col_connection = @@collation_connection */ ;
/*!50003 SET character_set_client  = utf8mb4 */ ;
/*!50003 SET character_set_results = utf8mb4 */ ;
/*!50003 SET collation_connection  = utf8mb3_general_ci */ ;
/*!50003 SET @saved_sql_mode       = @@sql_mode */ ;
/*!50003 SET sql_mode              = 'NO_AUTO_VALUE_ON_ZERO' */ ;
DELIMITER ;;
CREATE DEFINER=`root`@`localhost` PROCEDURE `SELECT_ROLES`()
BEGIN
	select * from roles;
END ;;
DELIMITER ;
/*!50003 SET sql_mode              = @saved_sql_mode */ ;
/*!50003 SET character_set_client  = @saved_cs_client */ ;
/*!50003 SET character_set_results = @saved_cs_results */ ;
/*!50003 SET collation_connection  = @saved_col_connection */ ;
/*!50003 DROP PROCEDURE IF EXISTS `SELECT_RPOM` */;
/*!50003 SET @saved_cs_client      = @@character_set_client */ ;
/*!50003 SET @saved_cs_results     = @@character_set_results */ ;
/*!50003 SET @saved_col_connection = @@collation_connection */ ;
/*!50003 SET character_set_client  = utf8mb4 */ ;
/*!50003 SET character_set_results = utf8mb4 */ ;
/*!50003 SET collation_connection  = utf8mb3_general_ci */ ;
/*!50003 SET @saved_sql_mode       = @@sql_mode */ ;
/*!50003 SET sql_mode              = 'NO_AUTO_VALUE_ON_ZERO' */ ;
DELIMITER ;;
CREATE DEFINER=`root`@`localhost` PROCEDURE `SELECT_RPOM`()
BEGIN
select * from prom;
END ;;
DELIMITER ;
/*!50003 SET sql_mode              = @saved_sql_mode */ ;
/*!50003 SET character_set_client  = @saved_cs_client */ ;
/*!50003 SET character_set_results = @saved_cs_results */ ;
/*!50003 SET collation_connection  = @saved_col_connection */ ;
/*!50003 DROP PROCEDURE IF EXISTS `SELECT_SKILLS` */;
/*!50003 SET @saved_cs_client      = @@character_set_client */ ;
/*!50003 SET @saved_cs_results     = @@character_set_results */ ;
/*!50003 SET @saved_col_connection = @@collation_connection */ ;
/*!50003 SET character_set_client  = utf8mb4 */ ;
/*!50003 SET character_set_results = utf8mb4 */ ;
/*!50003 SET collation_connection  = utf8mb3_general_ci */ ;
/*!50003 SET @saved_sql_mode       = @@sql_mode */ ;
/*!50003 SET sql_mode              = 'NO_AUTO_VALUE_ON_ZERO' */ ;
DELIMITER ;;
CREATE DEFINER=`root`@`localhost` PROCEDURE `SELECT_SKILLS`()
BEGIN
	select * from skills;
END ;;
DELIMITER ;
/*!50003 SET sql_mode              = @saved_sql_mode */ ;
/*!50003 SET character_set_client  = @saved_cs_client */ ;
/*!50003 SET character_set_results = @saved_cs_results */ ;
/*!50003 SET collation_connection  = @saved_col_connection */ ;
/*!50003 DROP PROCEDURE IF EXISTS `UPDATE_ACTIVITY` */;
/*!50003 SET @saved_cs_client      = @@character_set_client */ ;
/*!50003 SET @saved_cs_results     = @@character_set_results */ ;
/*!50003 SET @saved_col_connection = @@collation_connection */ ;
/*!50003 SET character_set_client  = utf8mb4 */ ;
/*!50003 SET character_set_results = utf8mb4 */ ;
/*!50003 SET collation_connection  = utf8mb3_general_ci */ ;
/*!50003 SET @saved_sql_mode       = @@sql_mode */ ;
/*!50003 SET sql_mode              = 'NO_AUTO_VALUE_ON_ZERO' */ ;
DELIMITER ;;
CREATE DEFINER=`root`@`localhost` PROCEDURE `UPDATE_ACTIVITY`(`p_id_activity` INT, `p_name` VARCHAR(255))
BEGIN
	UPDATE activity
	set name = p_name
	where id_activity = p_id_activity;
END ;;
DELIMITER ;
/*!50003 SET sql_mode              = @saved_sql_mode */ ;
/*!50003 SET character_set_client  = @saved_cs_client */ ;
/*!50003 SET character_set_results = @saved_cs_results */ ;
/*!50003 SET collation_connection  = @saved_col_connection */ ;
/*!50003 DROP PROCEDURE IF EXISTS `UPDATE_ADDRESS` */;
/*!50003 SET @saved_cs_client      = @@character_set_client */ ;
/*!50003 SET @saved_cs_results     = @@character_set_results */ ;
/*!50003 SET @saved_col_connection = @@collation_connection */ ;
/*!50003 SET character_set_client  = utf8mb4 */ ;
/*!50003 SET character_set_results = utf8mb4 */ ;
/*!50003 SET collation_connection  = utf8mb3_general_ci */ ;
/*!50003 SET @saved_sql_mode       = @@sql_mode */ ;
/*!50003 SET sql_mode              = 'NO_AUTO_VALUE_ON_ZERO' */ ;
DELIMITER ;;
CREATE DEFINER=`root`@`localhost` PROCEDURE `UPDATE_ADDRESS`(`p_id_address` INT, `p_name` VARCHAR(255), `p_number` INT, `p_comment` VARCHAR(255), `p_id_city` INT)
BEGIN
update address
set name = p_name, number = p_number, comment = p_comment, id_city = p_id_city
where id_address = p_id_address;
END ;;
DELIMITER ;
/*!50003 SET sql_mode              = @saved_sql_mode */ ;
/*!50003 SET character_set_client  = @saved_cs_client */ ;
/*!50003 SET character_set_results = @saved_cs_results */ ;
/*!50003 SET collation_connection  = @saved_col_connection */ ;
/*!50003 DROP PROCEDURE IF EXISTS `UPDATE_CANDIDATURE` */;
/*!50003 SET @saved_cs_client      = @@character_set_client */ ;
/*!50003 SET @saved_cs_results     = @@character_set_results */ ;
/*!50003 SET @saved_col_connection = @@collation_connection */ ;
/*!50003 SET character_set_client  = utf8mb4 */ ;
/*!50003 SET character_set_results = utf8mb4 */ ;
/*!50003 SET collation_connection  = utf8mb3_general_ci */ ;
/*!50003 SET @saved_sql_mode       = @@sql_mode */ ;
/*!50003 SET sql_mode              = 'NO_AUTO_VALUE_ON_ZERO' */ ;
DELIMITER ;;
CREATE DEFINER=`root`@`localhost` PROCEDURE `UPDATE_CANDIDATURE`(`p_id_candidature` INT, `p_send_date` DATE, `p_id_progress_state` INT, `p_id_profile` INT, `p_id_offer` INT)
BEGIN
update candidature
set send_date = p_send_date ,id_progress_state = p_id_progress_state, id_profile = p_id_profile, id_offer = p_id_offer
where id_candidature = p_id_candidature;
END ;;
DELIMITER ;
/*!50003 SET sql_mode              = @saved_sql_mode */ ;
/*!50003 SET character_set_client  = @saved_cs_client */ ;
/*!50003 SET character_set_results = @saved_cs_results */ ;
/*!50003 SET collation_connection  = @saved_col_connection */ ;
/*!50003 DROP PROCEDURE IF EXISTS `UPDATE_COMPANY` */;
/*!50003 SET @saved_cs_client      = @@character_set_client */ ;
/*!50003 SET @saved_cs_results     = @@character_set_results */ ;
/*!50003 SET @saved_col_connection = @@collation_connection */ ;
/*!50003 SET character_set_client  = utf8mb4 */ ;
/*!50003 SET character_set_results = utf8mb4 */ ;
/*!50003 SET collation_connection  = utf8mb3_general_ci */ ;
/*!50003 SET @saved_sql_mode       = @@sql_mode */ ;
/*!50003 SET sql_mode              = 'NO_AUTO_VALUE_ON_ZERO' */ ;
DELIMITER ;;
CREATE DEFINER=`root`@`localhost` PROCEDURE `UPDATE_COMPANY`(`p_id_company` INT, `p_name` VARCHAR(255), `p_active` BOOL, `p_link` VARCHAR(255))
BEGIN
UPDATE company
set name = p_name, active = p_active, link = p_link
where id_company = p_id_company;
END ;;
DELIMITER ;
/*!50003 SET sql_mode              = @saved_sql_mode */ ;
/*!50003 SET character_set_client  = @saved_cs_client */ ;
/*!50003 SET character_set_results = @saved_cs_results */ ;
/*!50003 SET collation_connection  = @saved_col_connection */ ;
/*!50003 DROP PROCEDURE IF EXISTS `UPDATE_OFFER` */;
/*!50003 SET @saved_cs_client      = @@character_set_client */ ;
/*!50003 SET @saved_cs_results     = @@character_set_results */ ;
/*!50003 SET @saved_col_connection = @@collation_connection */ ;
/*!50003 SET character_set_client  = utf8mb4 */ ;
/*!50003 SET character_set_results = utf8mb4 */ ;
/*!50003 SET collation_connection  = utf8mb3_general_ci */ ;
/*!50003 SET @saved_sql_mode       = @@sql_mode */ ;
/*!50003 SET sql_mode              = 'NO_AUTO_VALUE_ON_ZERO' */ ;
DELIMITER ;;
CREATE DEFINER=`root`@`localhost` PROCEDURE `UPDATE_OFFER`(`p_id_offer` INT, `p_name` VARCHAR(50), `p_active` BOOLEAN, `p_startdate` DATE, `p_period` VARCHAR(50), `p_amount` VARCHAR(50), `p_wage` VARCHAR(50), `p_comment` VARCHAR(500), `p_contact_mail` VARCHAR(100), `p_telephone` VARCHAR(15), `p_id_localities` INT, `p_id_activity` INT)
BEGIN
	UPDATE offer
	SET name = p_name, active = p_active, startdate = p_startdate , period = p_period, amount = p_amount, wage = p_wage,
	comment = p_comment, contact_mail = p_contact_mail, telephone = p_telephone, id_localities = p_id_localities,
	id_activity = p_id_activity
	WHERE id_offer = p_id_offer;
END ;;
DELIMITER ;
/*!50003 SET sql_mode              = @saved_sql_mode */ ;
/*!50003 SET character_set_client  = @saved_cs_client */ ;
/*!50003 SET character_set_results = @saved_cs_results */ ;
/*!50003 SET collation_connection  = @saved_col_connection */ ;
/*!50003 DROP PROCEDURE IF EXISTS `UPDATE_PASSWORD` */;
/*!50003 SET @saved_cs_client      = @@character_set_client */ ;
/*!50003 SET @saved_cs_results     = @@character_set_results */ ;
/*!50003 SET @saved_col_connection = @@collation_connection */ ;
/*!50003 SET character_set_client  = utf8mb4 */ ;
/*!50003 SET character_set_results = utf8mb4 */ ;
/*!50003 SET collation_connection  = utf8mb4_0900_ai_ci */ ;
/*!50003 SET @saved_sql_mode       = @@sql_mode */ ;
/*!50003 SET sql_mode              = 'ONLY_FULL_GROUP_BY,STRICT_TRANS_TABLES,NO_ZERO_IN_DATE,NO_ZERO_DATE,ERROR_FOR_DIVISION_BY_ZERO,NO_ENGINE_SUBSTITUTION' */ ;
DELIMITER ;;
CREATE DEFINER=`inge-tim`@`localhost` PROCEDURE `UPDATE_PASSWORD`(p_id_user VARCHAR(255), p_password VARCHAR(255))
BEGIN
	UPDATE person
		SET password = p_password
	WHERE id_person = p_id_user;
END ;;
DELIMITER ;
/*!50003 SET sql_mode              = @saved_sql_mode */ ;
/*!50003 SET character_set_client  = @saved_cs_client */ ;
/*!50003 SET character_set_results = @saved_cs_results */ ;
/*!50003 SET collation_connection  = @saved_col_connection */ ;
/*!50003 DROP PROCEDURE IF EXISTS `UPDATE_PROFILE` */;
/*!50003 SET @saved_cs_client      = @@character_set_client */ ;
/*!50003 SET @saved_cs_results     = @@character_set_results */ ;
/*!50003 SET @saved_col_connection = @@collation_connection */ ;
/*!50003 SET character_set_client  = utf8mb4 */ ;
/*!50003 SET character_set_results = utf8mb4 */ ;
/*!50003 SET collation_connection  = utf8mb4_0900_ai_ci */ ;
/*!50003 SET @saved_sql_mode       = @@sql_mode */ ;
/*!50003 SET sql_mode              = 'ONLY_FULL_GROUP_BY,STRICT_TRANS_TABLES,NO_ZERO_IN_DATE,NO_ZERO_DATE,ERROR_FOR_DIVISION_BY_ZERO,NO_ENGINE_SUBSTITUTION' */ ;
DELIMITER ;;
CREATE DEFINER=`root`@`localhost` PROCEDURE `UPDATE_PROFILE`(`p_fname` VARCHAR(50), `p_lname` VARCHAR(50), `p_id_roles` INT, `p_email` VARCHAR(255), `p_id_profile` INT, `p_id_prom` INT)
BEGIN
	UPDATE profile
		SET fname = p_fname, lname = p_lname, id_roles = p_id_roles
	WHERE profile.id_profile = p_id_profile;
	UPDATE person
		SET email = p_email
	WHERE person.id_profile = p_id_profile;
		SET @temp = (select id_prom from prom
	WHERE id_prom = p_id_prom);
	UPDATE affiliated
		SET id_prom = @temp
	WHERE affiliated.id_profile=p_id_profile;
END ;;
DELIMITER ;
/*!50003 SET sql_mode              = @saved_sql_mode */ ;
/*!50003 SET character_set_client  = @saved_cs_client */ ;
/*!50003 SET character_set_results = @saved_cs_results */ ;
/*!50003 SET collation_connection  = @saved_col_connection */ ;
/*!50003 DROP PROCEDURE IF EXISTS `UPDATE_PROM` */;
/*!50003 SET @saved_cs_client      = @@character_set_client */ ;
/*!50003 SET @saved_cs_results     = @@character_set_results */ ;
/*!50003 SET @saved_col_connection = @@collation_connection */ ;
/*!50003 SET character_set_client  = utf8mb4 */ ;
/*!50003 SET character_set_results = utf8mb4 */ ;
/*!50003 SET collation_connection  = utf8mb3_general_ci */ ;
/*!50003 SET @saved_sql_mode       = @@sql_mode */ ;
/*!50003 SET sql_mode              = 'NO_AUTO_VALUE_ON_ZERO' */ ;
DELIMITER ;;
CREATE DEFINER=`root`@`localhost` PROCEDURE `UPDATE_PROM`(`p_id_prom` INT, `p_name` VARCHAR(255), `p_id_campus` INT)
BEGIN
UPDATE prom
set name = p_name, id_campus = p_id_campus
where id_prom = p_id_prom;
END ;;
DELIMITER ;
/*!50003 SET sql_mode              = @saved_sql_mode */ ;
/*!50003 SET character_set_client  = @saved_cs_client */ ;
/*!50003 SET character_set_results = @saved_cs_results */ ;
/*!50003 SET collation_connection  = @saved_col_connection */ ;

--
-- Final view structure for view `view_offer`
--

/*!50001 DROP VIEW IF EXISTS `view_offer`*/;
/*!50001 SET @saved_cs_client          = @@character_set_client */;
/*!50001 SET @saved_cs_results         = @@character_set_results */;
/*!50001 SET @saved_col_connection     = @@collation_connection */;
/*!50001 SET character_set_client      = utf8mb4 */;
/*!50001 SET character_set_results     = utf8mb4 */;
/*!50001 SET collation_connection      = utf8mb3_general_ci */;
/*!50001 CREATE ALGORITHM=UNDEFINED */
/*!50013 DEFINER=`root`@`localhost` SQL SECURITY DEFINER */
/*!50001 VIEW `view_offer` AS select `offer`.`id_offer` AS `id_offer`,`offer`.`name` AS `name`,`offer`.`link` AS `link`,`company`.`name` AS `company`,`city`.`name` AS `city`,`city`.`zipcode` AS `zipcode` from ((((`offer` join `localities` on((`offer`.`id_localities` = `localities`.`id_localities`))) join `company` on((`localities`.`id_company` = `company`.`id_company`))) join `address` on((`localities`.`id_address` = `address`.`id_address`))) join `city` on((`address`.`id_city` = `city`.`id_city`))) */;
/*!50001 SET character_set_client      = @saved_cs_client */;
/*!50001 SET character_set_results     = @saved_cs_results */;
/*!50001 SET collation_connection      = @saved_col_connection */;

--
-- Final view structure for view `view_pilots`
--

/*!50001 DROP VIEW IF EXISTS `view_pilots`*/;
/*!50001 SET @saved_cs_client          = @@character_set_client */;
/*!50001 SET @saved_cs_results         = @@character_set_results */;
/*!50001 SET @saved_col_connection     = @@collation_connection */;
/*!50001 SET character_set_client      = utf8mb4 */;
/*!50001 SET character_set_results     = utf8mb4 */;
/*!50001 SET collation_connection      = utf8mb3_general_ci */;
/*!50001 CREATE ALGORITHM=UNDEFINED */
/*!50013 DEFINER=`root`@`localhost` SQL SECURITY DEFINER */
/*!50001 VIEW `view_pilots` AS select `profile`.`id_profile` AS `id_profile`,`profile`.`fname` AS `fname`,`profile`.`lname` AS `lname`,`profile`.`photo` AS `photo`,`person`.`email` AS `email`,`profile`.`id_roles` AS `id_roles`,`prom`.`name` AS `prom`,`number`.`num` AS `student_count`,`campus`.`id_campus` AS `id_campus`,`campus`.`name` AS `campus`,`address`.`id_address` AS `id_address`,`address`.`name` AS `address`,`address`.`number` AS `number`,`address`.`comment` AS `comment`,`city`.`name` AS `city` from (((((((`profile` left join `person` on((`profile`.`id_profile` = `person`.`id_profile`))) left join `affiliated` on((`profile`.`id_profile` = `affiliated`.`id_profile`))) left join `prom` on((`affiliated`.`id_prom` = `prom`.`id_prom`))) left join `campus` on((`prom`.`id_campus` = `campus`.`id_campus`))) left join `address` on((`campus`.`id_address` = `address`.`id_address`))) left join `city` on((`address`.`id_city` = `city`.`id_city`))) left join (select `affiliated`.`id_prom` AS `id_prom`,count(`affiliated`.`id_profile`) AS `num` from (`profile` join `affiliated` on((`profile`.`id_profile` = `affiliated`.`id_profile`))) group by `affiliated`.`id_prom`) `number` on((`prom`.`id_prom` = `number`.`id_prom`))) where (`profile`.`id_roles` = 2) order by `profile`.`id_profile` */;
/*!50001 SET character_set_client      = @saved_cs_client */;
/*!50001 SET character_set_results     = @saved_cs_results */;
/*!50001 SET collation_connection      = @saved_col_connection */;

--
-- Final view structure for view `view_student`
--

/*!50001 DROP VIEW IF EXISTS `view_student`*/;
/*!50001 SET @saved_cs_client          = @@character_set_client */;
/*!50001 SET @saved_cs_results         = @@character_set_results */;
/*!50001 SET @saved_col_connection     = @@collation_connection */;
/*!50001 SET character_set_client      = utf8mb4 */;
/*!50001 SET character_set_results     = utf8mb4 */;
/*!50001 SET collation_connection      = utf8mb4_0900_ai_ci */;
/*!50001 CREATE ALGORITHM=UNDEFINED */
/*!50013 DEFINER=`root`@`localhost` SQL SECURITY DEFINER */
/*!50001 VIEW `view_student` AS select `profile`.`id_profile` AS `id_profile`,`profile`.`fname` AS `fname`,`profile`.`lname` AS `lname`,`profile`.`photo` AS `photo`,`person`.`id_person` AS `id_person`,`prom`.`name` AS `prom`,`prom`.`id_prom` AS `id_prom`,`person`.`email` AS `email`,if((`accepted`.`cnt` is null),'n','y') AS `accepted`,`profile`.`id_roles` AS `id_roles`,`step`.`id_offer` AS `id_offer`,`step`.`offer` AS `offer`,`step`.`id_progress_state` AS `id_progress_state`,`step`.`state` AS `state`,`step`.`startdate` AS `startdate`,`step`.`company` AS `company` from (((((`profile` left join `affiliated` on((`profile`.`id_profile` = `affiliated`.`id_profile`))) left join `prom` on((`affiliated`.`id_prom` = `prom`.`id_prom`))) left join `person` on((`profile`.`id_profile` = `person`.`id_profile`))) left join (select `profile`.`id_profile` AS `id_profile`,`candidature`.`id_offer` AS `id_offer`,`offer`.`name` AS `offer`,`offer`.`startdate` AS `startdate`,`company`.`name` AS `company`,`candidature`.`id_progress_state` AS `id_progress_state`,`postulate_progress_steps`.`name` AS `state` from (((((`profile` join `candidature` on((`candidature`.`id_profile` = `profile`.`id_profile`))) join `offer` on((`candidature`.`id_offer` = `offer`.`id_offer`))) join `localities` on((`offer`.`id_localities` = `localities`.`id_localities`))) join `company` on((`localities`.`id_company` = `company`.`id_company`))) join `postulate_progress_steps` on((`candidature`.`id_progress_state` = `postulate_progress_steps`.`id_progress_state`))) order by `profile`.`id_profile`) `step` on((`step`.`id_profile` = `profile`.`id_profile`))) left join (select `profile`.`id_profile` AS `id_profile`,count(`candidature`.`id_progress_state`) AS `cnt` from (`profile` join `candidature` on((`candidature`.`id_profile` = `profile`.`id_profile`))) where (`candidature`.`id_progress_state` = 6) group by `profile`.`id_profile`) `accepted` on((`accepted`.`id_profile` = `profile`.`id_profile`))) where (`profile`.`id_roles` = 3) */;
/*!50001 SET character_set_client      = @saved_cs_client */;
/*!50001 SET character_set_results     = @saved_cs_results */;
/*!50001 SET collation_connection      = @saved_col_connection */;
/*!40103 SET TIME_ZONE=@OLD_TIME_ZONE */;

/*!40101 SET SQL_MODE=@OLD_SQL_MODE */;
/*!40014 SET FOREIGN_KEY_CHECKS=@OLD_FOREIGN_KEY_CHECKS */;
/*!40014 SET UNIQUE_CHECKS=@OLD_UNIQUE_CHECKS */;
/*!40101 SET CHARACTER_SET_CLIENT=@OLD_CHARACTER_SET_CLIENT */;
/*!40101 SET CHARACTER_SET_RESULTS=@OLD_CHARACTER_SET_RESULTS */;
/*!40101 SET COLLATION_CONNECTION=@OLD_COLLATION_CONNECTION */;
/*!40111 SET SQL_NOTES=@OLD_SQL_NOTES */;

-- Dump completed on 2023-03-26 22:21:57
